S.No,Quarter,PO Number,PO Status,Month of Purchase,HSN No.,Invoice Date,Invoice Number,Vendor,Material Movement Type,Purpose,Type of Scrap,Purchase Category,Location,Region,QTY in (Kg),Actual Quantity received,Rate,Value (Rs.),Total Value with GST (Rs.),TCS,Qty Out (Kg),Purpose,Material Location,Material Received Date,Goods Status,Sale,Vendor Catogery,Battery Type,Source of Procurement,EPR Status,Transporter Name,Invoice number,Vehicle Number,Logsitics Ex GST,Logistics Per KG,Transit Days,Transit Insurance ID,Amount,Remarks,Invoice Status With transportation Bill
1,Q1,MMPO262700003,Close,April,,2/4/2026,,RE CAP SYSTEM ENERGIES,Fresh Purchase,Second Life,NMC,NOT FOR EPR,UP,North,"4,760.62","4,760.62",₹ 250.00,"1,190,155.00","1,404,382.90","1,432,470.56",,,,,,,Organized,Electric Vehicle (EV) Two Wheelers,"Other (Collection Centers, Dealers, etc.)",,,,,,,,,,,
,Q1,MMPO262700003,Close,April,,2/4/2026,,RE CAP SYSTEM ENERGIES,Fresh Purchase,Second Life,NMC,NOT FOR EPR,UP,North,"1,085.40","1,985.40",₹ 285.00,"309,339.00","365,020.02","372,320.42",,,,,,,Organized,Electric Vehicle (EV) Two Wheelers,,,,,,,,,,,,
,Q1,MMPO262700003,Close,April,,2/4/2026,,RE CAP SYSTEM ENERGIES,Fresh Purchase,Recycling,Laptop Batteries,NOT FOR EPR,UP,North,"2,505.20","2,505.20","₹ 1,020.00","2,555,304.00","3,015,258.72","3,075,563.89",,,,,,,Organized,Electric Vehicle (EV) Two Wheelers,,,,,,,,,,,,
,Q1,MMPO262700003,Close,April,,2/4/2026,,RE CAP SYSTEM ENERGIES,Fresh Purchase,Recycling,Battery Scrap,NOT FOR EPR,UP,North,70.4,70.4,₹ 800.00,"56,320.00","66,457.60","67,786.75",,,,,,,Organized,Electric Vehicle (EV) Two Wheelers,,,,,,,,,,,,
,Q1,MMPO262700003,Close,April,,2/4/2026,,RE CAP SYSTEM ENERGIES,Fresh Purchase,Second Life,NMC,NOT FOR EPR,UP,North,17.5,17.5,₹ 600.00,"10,500.00","12,390.00","12,637.80",,,,,,,Organized,Electric Vehicle (EV) Two Wheelers,,,,,,,,,,,,
,Q1,MMPO262700003,Close,April,,2/4/2026,,RE CAP SYSTEM ENERGIES,Fresh Purchase,Second Life,NMC,NOT FOR EPR,UP,North,62.7,62.7,₹ 375.00,"23,512.50","27,744.75","28,299.65",,,,,,,Organized,Electric Vehicle (EV) Two Wheelers,,,,,,,,,,,,
,Q1,MMPO262700003,Close,April,,2/4/2026,,RE CAP SYSTEM ENERGIES,Fresh Purchase,,,,,,856,,₹ 352.00,,,,,,,,,,,,,,,,,,,,,,,
,Q1,MMPO262700003,Close,April,,2/4/2026,,RE CAP SYSTEM ENERGIES,Fresh Purchase,,,,,,"1,205.00",,₹ 245.00,,,,,,,,,,,,,,,,,,,,,,,
,Q1,MMPO262700003,Close,April,,2/4/2026,,RE CAP SYSTEM ENERGIES,Fresh Purchase,,,,,,227.1,,"₹ 1,000.00",,,,,,,,,,,,,,,,,,,,,,,
,Q1,MMPO262700003,Close,April,,2/4/2026,,RE CAP SYSTEM ENERGIES,Fresh Purchase,Recycling,Laptop Batteries,,,,,,,,,,,,,,,,,,,,,,,,,,,,,
2,Q1,MMPO262700004,Close,April,,2/4/2026,25-26/13,ei-Energy India,Fresh Purchase,Second Life,NMC,FOR EPR,karnataka,south,171,171,₹ 150.00,"25,650.00","30,267.00","30,872.34",,,,,,,Organized,Electric Vehicle (EV) Two Wheelers,Registered Producer,,,,,,,,,,,
3,Q1,MMPO262700005,Close,April,,3/4/2026,98074041,Greaves Electric Mobility Limited,Fresh Purchase,Second Life,NMC Battery Packs,FOR EPR,karnataka,south,64.2,64.2,₹ 140.00,"8,988.00","10,605.84","10,817.96",,,,,,,Organized,Electric Vehicle (EV) Two Wheelers,Registered Producer,,,,,,,,,,,
4,Q1,MMPO262700005,Close,April,,3/4/2026,98074041,Greaves Electric Mobility Limited,Fresh Purchase,Second Life,NMC Battery Packs,FOR EPR,karnataka,south,317.8,317.8,₹ 140.00,"44,492.00","52,500.56","53,550.57",,,,,,,Organized,Electric Vehicle (EV) Two Wheelers,Registered Producer,,,,,,,,,,,
5,Q1,MMPO262700006,Close,April,,3/4/2026,2627/002,Techsolve Electronix,Fresh Purchase,Second Life,NMC,NOT FOR EPR,Bengaluru,south,334,334,₹ 185.00,"61,790.00","72,912.20","74,370.44",,,,,,,Organized,Drone Batteries,Registered Producer,,,,,,,,,,,
6,Q1,MMPO262700006,Close,April,,3/4/2026,2627/002,Techsolve Electronix,Fresh Purchase,Second Life,LFP,NOT FOR EPR,Bengaluru,south,27,27,₹ 25.00,675,796.5,812.43,,,,,,,Organized,Drone Batteries,Registered Producer,,,,,,,,,,,
8,Q1,MMPO262700008,Close,April,,4/4/2026,1/2026-27,EVERGREEN STAR RECYCLING Pvt Ltd,Fresh Purchase,Recycling,Battery Scrap,NOT FOR EPR,Delhi,north,"3,100.00","3,100.00",₹ 925.00,"2,867,500.00","3,383,650.00","3,451,323.00",,,,,,,Organized,Portable Battery used in Consumer Electronics which are rechargable,Recycler,,,,,,,,,,,
9,Q1,MMPO262700009,Close,April,,4/4/2026,2/2026-27,RA TRADERS,Fresh Purchase,Recycling,LCO,NOT FOR EPR,West Bengal,North,"5,140.00","5,140.00",₹ 725.00,"3,726,500.00","4,397,270.00","4,485,215.40",,,,,,,Organized,Portable Battery used in Consumer Electronics which are rechargable,"Other (Collection Centers, Dealers, etc.)",,,,,,,,,,,
,Q1,MMPO262700009,Close,April,,4/4/2026,2/2026-27,RA TRADERS,Fresh Purchase,Recycling,LiPo,NOT FOR EPR,West Bengal,North,710,710,₹ 925.00,"656,750.00","774,965.00","790,464.30",,,,,,,Organized,Portable Battery used in Consumer Electronics which are rechargable,,,,,,,,,,,,
10,Q1,MMPO262700012,Close,April,,7/4/2026,SWI_SCR_15,SWITCH MOBILITY AUTOMOTIVE LIMITED,Fresh Purchase,Recycling,NMC Modules,FOR EPR,Tamil Nadu,south,43,"1,940.40","₹ 6,000.00","258,000.00","304,440.00","310,528.80",,,,,,,Organized,Automative Battery,Registered Producer,,,,,,,,,,,
,Q1,MMPO262700012,Close,April,,7/4/2026,SWI_SCR_15,SWITCH MOBILITY AUTOMOTIVE LIMITED,Fresh Purchase,Second Life,NMC Battery Packs,FOR EPR,Tamil Nadu,south,9,"1,906.20","₹ 41,000.00","369,000.00","435,420.00","444,128.40",,,,,,,Organized,Automative Battery,Registered Producer,,,,,,,,,,,
,Q1,MMPO262700012,Close,April,,7/4/2026,SWI_SCR_15,SWITCH MOBILITY AUTOMOTIVE LIMITED,Fresh Purchase,Second Life,NMC Battery Packs,FOR EPR,Tamil Nadu,south,1,145,"₹ 29,000.00","29,000.00","34,220.00","34,904.40",,,,,,,Organized,Automative Battery,Registered Producer,,,,,,,,,,,
11,Q1,MMPO262700014,Close,April,,7/4/2026,RECAPUP/002,Re Cap System Energies,Fresh Purchase,Second Life,NMC,NOT FOR EPR,New Delhi,North,"9,610.00","9,610.00",₹ 285.00,"2,738,850.00","3,231,843.00","3,296,479.86",,,,,,,Organized,Electric Vehicle (EV) Two Wheelers,"Other (Collection Centers, Dealers, etc.)",,,,,,,,,,,
12,Q1,NO PO,Close,April,,8/4/2026,DC-BANG-00001,service lee technologies,Fresh Purchase,Second Life,NMC Battery Packs,NOT FOR EPR,Bengaluru,South,85.2,85.20,₹ 85.20,"7,259.04","8,565.67","8,736.98",,,,,,,Organized,Electric Vehicle (EV) Two Wheelers,"Other (Collection Centers, Dealers, etc.)",,,,,,,,,,,
13,Q1,MMPO262700021-1,Close,April,,9/4/2026,RECAP/002,RE CAP SYSTEM ENERGIES,Fresh Purchase,Second Life,NMC,NOT FOR EPR,New Delhi,North,"4,755.00","4,755.00","₹ 1,010.00","4,802,550.00","5,667,009.00","5,780,349.18",,,,,,,Organized,Electric Vehicle (EV) Two Wheelers,"Other (Collection Centers, Dealers, etc.)",,,,,,,,,,,
14,Q1,NO PO,Close,April,,10/4/2026,,switch mobility automative limited,Fresh Purchase,Second Life,NMC Battery Packs,FOR EPR,Bengaluru,South,450,450.00,₹ 33.33,"14,998.50","17,698.23","18,052.19",,,,,,,Organized,Automative Battery,Registered Producer,,,,,,,,,,,
15,Q1,MMPO262700028,Close,April,,11/4/2026,1,ARKA motors,Fresh Purchase,Recycling,NMC,NOT FOR EPR,Bengaluru,South,77.2,77.20,₹ 180.00,"13,896.00","16,397.28","16,725.23",,,,,,,Organized,Electric Vehicle (EV) Two Wheelers,Registered Producer,,,,,,,,,,,
,Q1,MMPO262700028,Close,April,,11/4/2026,1,ARKA motors,Fresh Purchase,Recycling,LFP,NOT FOR EPR,Bengaluru,South,60.4,60.40,₹ 20.00,"1,208.00","1,425.44","1,453.95",,,,,,,Organized,Electric Vehicle (EV) Two Wheelers,Registered Producer,,,,,,,,,,,
16,Q1,MMPO262700031,Close,April,,11/4/2026,2/2026-27,GRAND ENTERPRISES,Fresh Purchase,Recycling,Battery Scrap,NOT FOR EPR,West Bengal,North,"3,400.00","3,400.00",₹ 935.00,"3,179,000.00","3,751,220.00","3,826,244.40",,,,,,,Organized,Electric Vehicle (EV) Battery Comprising of four wheelers,"Other (Collection Centers, Dealers, etc.)",,,,,,,,,,,
,Q1,MMPO262700031,Close,April,,11/4/2026,2/2026-27,GRAND ENTERPRISES,Fresh Purchase,Recycling,Battery Scrap,NOT FOR EPR,West Bengal,North,"5,040.00","5,040.00",₹ 735.00,"3,704,400.00","4,371,192.00","4,458,615.84",,,,,,,Organized,Electric Vehicle (EV) Battery Comprising of four wheelers,,,,,,,,,,,,
17,Q1,MMPO262700032,Close,April,,13/4/2026,4100580486,Ola Electric Technologies Private Ltd,Fresh Purchase,Second Life,Battery Packs,FOR EPR,Tamil Nadu,South,"2,828.00","2,828.00",₹ 120.00,"339,360.00","400,444.80","408,453.70",,,,,,,Organized,Electric Vehicle (EV) Two Wheelers,Registered Producer,,,,,,,,,,,
,Q1,MMPO262700032,Close,April,,13/4/2026,4100580486,Ola Electric Technologies Private Ltd,Fresh Purchase,Second Life,Battery Packs,FOR EPR,Tamil Nadu,South,"4,670.20","4,670.20",₹ 120.00,"560,424.00","661,300.32","674,526.33",,,,,,,Organized,Electric Vehicle (EV) Two Wheelers,Registered Producer,,,,,,,,,,,
18,Q1,MMPO262700036,Close,April,,14/4/2026,RECAP/003,Re Cap System Energies,Fresh Purchase,Recycling,Laptop Batteries,NOT FOR EPR,New Delhi,North,"3,545.00","3,545.00","₹ 1,050.00","3,722,250.00","4,392,255.00","4,480,100.10",,,,,,,Organized,Industrial Battery,Registered Producer,,,,,,,,,,,
,Q1,MMPO262700036,Close,April,,14/4/2026,RECAP/003,Re Cap System Energies,Fresh Purchase,Recycling,LMO,NOT FOR EPR,New Delhi,North,"3,769.00","3,769.00",₹ 250.00,"942,250.00","1,111,855.00","1,134,092.10",,,,,,,Organized,Industrial Battery,Registered Producer,,,,,,,,,,,
19,Q1,NO PO,Close,April,,14/5/2026,RTCXFC2627077,RTCXFC industries private limited,Fresh Purchase,Recycling,NMC 18650,NOT FOR EPR,Pune,North,366,366.00,₹ 220.00,"80,520.00","95,013.60","96,913.87",,,,,,,,,,,,,,,,,,,,
20,Q1,MMPO262700038,Close,April,,15/4/2026,SC2270100022,ATHER ENERGY LIMITED,Fresh Purchase,Second Life,LFP Packs,NOT FOR EPR,Tamil Nadu,South,70,616,₹ 756.00,"52,920.00","62,445.60","63,694.51",,,,,,,Organized,Electric Vehicle (EV) Two Wheelers,Registered Producer,,,,,,,,,,,
21,Q1,MMPO262700039-1,Close,April,,15/4/2026,TN2600070236,Switch Mobility,Fresh Purchase,Second Life,NMC Battery Packs,FOR EPR,Tamil Nadu,South,"2,255.00","2,255.00",₹ 198.00,"446,490.00","526,858.20","537,395.36",,,,,,,Organized,Automative Battery,Registered Producer,,,,,,,,,,,
22,Q1,MMPO262700041,Close,April,,15/4/2026,INVDOM/2627/0009,IDEAFORGE TECHNOLOGY LIMITED,Fresh Purchase,Recycling,Battery Scrap,NOT FOR EPR,MP,North,196.2,196.20,₹ 75.00,"14,715.00","17,363.70","17,710.97",,,,,,,Organized,Drone Batteries,Registered Producer,,,,,,,,,,,
,Q1,MMPO262700041,Close,April,,15/4/2026,INVDOM/2627/0009,IDEAFORGE TECHNOLOGY LIMITED,Fresh Purchase,Second Life,Battery Packs,NOT FOR EPR,MP,North,10.92,10.92,₹ 180.00,"1,965.60","2,319.41","2,365.80",,,,,,,Organized,Drone Batteries,Registered Producer,,,,,,,,,,,
23,Q1,,Close,April,,16/4/2026,2,Re Cap System,Fresh Purchase,Second Life,NMC,NOT FOR EPR,UP,North,580,580.00,₹ 260.00,"150,800.00","177,944.00","181,502.88",,,,,,,Organized,Electric Vehicle (EV) Two Wheelers,Registered Producer,,,,,,,,,,,
24,Q1,MMPO262700043,Close,April,,16/4/2026,4100584608,Ola Electric Technologies Private Ltd,Fresh Purchase,Second Life,Battery Packs,FOR EPR,Tamil Nadu,North,"1,979.60","1,979.60",₹ 120.00,"237,552.00","280,311.36","285,917.59",,,,,,,Organized,Electric Vehicle (EV) Two Wheelers,Registered Producer,,,,,,,,,,,
,Q1,MMPO262700043,Close,April,,16/4/2026,4100584608,Ola Electric Technologies Private Ltd,Fresh Purchase,Second Life,Battery Packs,FOR EPR,Tamil Nadu,North,"4,965.16","4,965.16",₹ 120.00,"595,819.20","703,066.66","717,127.99",,,,,,,Organized,Electric Vehicle (EV) Two Wheelers,Registered Producer,,,,,,,,,,,
25,Q1,MMPO262700046,Close,April,,17/4/2026,4/2026-27,GRAND ENTERPRISES,Fresh Purchase,Recycling,LiPo,NOT FOR EPR,New Delhi,North,"1,665.00","1,665.00",₹ 995.00,"1,656,675.00","1,954,876.50","1,993,974.03",,,,,,,Organized,Electric Vehicle (EV) Battery Comprising of four wheelers,"Other (Collection Centers, Dealers, etc.)",,,,,,,,,,,
26,Q1,MMPO262700047,Close,April,,17/4/2026,PDRL/26-27/005,PDRL,Fresh Purchase,Recycling,LiPo,FOR EPR,Maharastra,North,48,48.00,₹ 220.00,"10,560.00","12,460.80","12,710.02",,,,,,,Organized,Drone Batteries,Registered Producer,,,,,,,,,,,
27,Q1,MMPO262700048,Close,April,,18/4/2026,5/2026-27,GRAND ENTERPRISES,Fresh Purchase,Recycling,LiPo,FOR EPR,West Bengal,North,"3,330.00","3,330.00",₹ 945.00,"3,146,850.00","3,713,283.00","3,787,548.66",,,,,,,Organized,Electric Vehicle (EV) Two Wheelers,"Other (Collection Centers, Dealers, etc.)",,,,,,,,,,,
,Q1,,Close,April,,18/4/2026,5/2026-27,GRAND ENTERPRISES,Fresh Purchase,Recycling,LCO,FOR EPR,West Bengal,North,"5,680.00","5,680.00",₹ 745.00,"4,231,600.00","4,993,288.00","5,093,153.76",,,,,,,Organized,Electric Vehicle (EV) Two Wheelers,,,,,,,,,,,,
28,Q1,MMPO262700050-1,Close,April,,21/4/2026,MH/26-27/1036,MH LION METALS,Fresh Purchase,Recycling,LCO,FOR EPR,Jaipur,North,"5,238.40","5,238.40",₹ 800.00,"4,190,720.00","4,945,049.60","5,043,950.59",,,,,,,Organized,Portable Battery used in Consumer Electronics which are rechargable,"Other (Collection Centers, Dealers, etc.)",,,,,,,,,,,
,Q1,MMPO262700050-1,Close,April,,21/4/2026,MH/26-27/1036,MH LION METALS,Fresh Purchase,Second Life,NMC,FOR EPR,Jaipur,North,846.4,846.40,₹ 407.00,"344,484.80","406,492.06","414,621.91",,,,,,,Organized,Electric Vehicle (EV) Two Wheelers,,,,,,,,,,,,
,Q1,MMPO262700050-1,Close,April,,21/4/2026,MH/26-27/1036,MH LION METALS,Fresh Purchase,Recycling,LCO,FOR EPR,Jaipur,North,"2,142.20","2,142.20",₹ 780.00,"1,670,916.00","1,971,680.88","2,011,114.50",,,,,,,Organized,Portable Battery used in Consumer Electronics which are rechargable,,,,,,,,,,,,
,Q1,MMPO262700050-1,Close,April,,21/4/2026,MH/26-27/1036,MH LION METALS,Fresh Purchase,Recycling,Battery Scrap,FOR EPR,Jaipur,North,"2,463.00","2,463.00",₹ 360.00,"886,680.00","1,046,282.40","1,067,208.05",,,,,,,Organized,Portable Battery except those used in Consumer Electronics which are rechargable,,,,,,,,,,,,
29,Q1,MMPO262700051,Close,April,,21/4/2026,4100591863,Ola Electric Technologies Private Ltd,Fresh Purchase,Recycling,Battery Scrap,FOR EPR,Tamil Nadu,South,"4,266.72","4,266.72",₹ 120.00,"512,006.40","604,167.55","616,250.90",,,,,,,Organized,Electric Vehicle (EV) Two Wheelers,Registered Producer,,,,,,,,,,,
30,Q1,MMPO262700052,Close,April,,21/4/2026,98074260,Greaves Electric Mobility Limited,Fresh Purchase,Recycling,Battery Scrap,FOR EPR,Tamil Nadu,South,136.5,136.50,₹ 140.00,"19,110.00","22,549.80","23,000.80",,,,,,,Organized,Electric Vehicle (EV) Two Wheelers,Registered Producer,,,,,,,,,,,
31,Q1,,Close,April,,21/4/2026,INV-26-27-033,Dream Fly Innovation,Fresh Purchase,Recycling,Battery Scrap,FOR EPR,Bengaluru,South,406,406.00,₹ 170.00,"69,020.00","81,443.60","83,072.47",,,,,,,Organized,Drone Batteries,Registered Producer,,,,,,,,,,,
32,Q1,MMPO262700056,Close,April,,22/4/2026,2026-27/Apr001,EXIDE ENERGY SOLUTIONS LIMITED,Fresh Purchase,Recycling,NG coated cu foil single side 5ah,FOR EPR,Bengaluru,South,"5,140.00","5,140.00",₹ 386.92,"1,988,768.80","2,346,747.18","2,393,682.13",,,,,,,Organized,Industrial Battery,Registered Producer,,,,,,,,,,,
,Q1,MMPO262700056,Close,April,,22/4/2026,2026-27/Apr002,EXIDE ENERGY SOLUTIONS LIMITED,Fresh Purchase,Recycling,NMC NG cell with electrolyte 5ah,FOR EPR,Bengaluru,South,"6,380.00","6,380.00",₹ 460.59,"2,938,564.20","3,467,505.76","3,536,855.87",,,,,,,Organized,Industrial Battery,Registered Producer,,,,,,,,,,,
,Q1,MMPO262700056,Close,April,,22/4/2026,2026-27/Apr005,EXIDE ENERGY SOLUTIONS LIMITED,Fresh Purchase,Recycling,NG coated cu foil single side 5ah,FOR EPR,Bengaluru,South,"2,030.00","2,030.00",₹ 233.20,"473,396.00","558,607.28","569,779.43",,,,,,,Organized,Industrial Battery,Registered Producer,,,,,,,,,,,
,Q1,MMPO262700056,Close,April,,22/4/2026,2026-27/Apr009,EXIDE ENERGY SOLUTIONS LIMITED,Fresh Purchase,Recycling,NG coated cu foil single side 5ah,FOR EPR,Bengaluru,South,"6,690.00","6,690.00",₹ 233.20,"1,560,108.00","1,840,927.44","1,877,745.99",,,,,,,Organized,Industrial Battery,Registered Producer,,,,,,,,,,,
,Q1,MMPO262700056,Close,April,,22/4/2026,2026-27/Apr013,EXIDE ENERGY SOLUTIONS LIMITED,Fresh Purchase,Recycling,NG coated cu foil single side 5ah,FOR EPR,Bengaluru,South,"6,460.00","6,460.00",₹ 233.22,"1,506,601.20","1,777,789.42","1,813,345.20",,,,,,,Organized,Industrial Battery,Registered Producer,,,,,,,,,,,
33,Q1,MMPO262700057,Close,April,,22/4/2026,4100593931,Ola Electric Technologies Private Ltd,Fresh Purchase,Second Life,Battery Packs,FOR EPR,Tamil Nadu,South,"4,266.72","4,266.72",₹ 120.00,"512,006.40","604,167.55","616,250.90",,,,,,,Organized,Electric Vehicle (EV) Two Wheelers,Registered Producer,,,,,,,,,,,
34,Q1,MMPO262700058,Close,April,,22/4/2026,SC/002,LIBAT ENERGY,Fresh Purchase,Direct Sale,Metal Scrap Cu+Al with mix Plastic,FOR EPR,Tamil Nadu,South,713,713.00,₹ 800.00,"570,400.00","673,072.00","686,533.44",,,,,,,Organized,Industrial Battery,Registered Producer,,,,,,,,,,,
,Q1,MMPO262700058,Close,April,,22/4/2026,SC/002,LIBAT ENERGY,Fresh Purchase,Direct Sale,Metal Scrap Cu+Al,FOR EPR,Tamil Nadu,South,"6,670.00","6,670.00",₹ 25.00,"166,750.00","196,765.00","200,700.30",,,,,,,Organized,Industrial Battery,Registered Producer,,,,,,,,,,,
,Q1,MMPO262700058,Close,April,,22/4/2026,SC/002,LIBAT ENERGY,Fresh Purchase,Direct Sale,Aluminium Scrap,FOR EPR,Tamil Nadu,South,847,847.00,₹ 85.00,"71,995.00","84,954.10","86,653.18",,,,,,,Organized,Industrial Battery,Registered Producer,,,,,,,,,,,
35,Q1,No Po,Close,April,,22/4/2026,1,ARS electric vechicles,Fresh Purchase,Second Life,LFP Packs,FOR EPR,Bengaluru,South,20,20.00,₹ 20.00,400,472,481.44,,,,,,,Organized,Electric Vehicle (EV) Two Wheelers,Registered Producer,,,,,,,,,,,
,Q1,No Po,Close,April,,22/4/2026,1,ARS electric vechicles,Fresh Purchase,Second Life,NMC Battery Packs,FOR EPR,Bengaluru,South,296,296.00,₹ 180.00,"53,280.00","62,870.40","64,127.81",,,,,,,Organized,Electric Vehicle (EV) Two Wheelers,Registered Producer,,,,,,,,,,,
36,Q1,MMPO262700060,Close,April,,28/4/2026,SC2270100042,ATHER ENERGY LIMITED,Fresh Purchase,Second Life,Battery Packs,FOR EPR,Tamil Nadu,South,36,709.2,"₹ 3,116.00","112,176.00","132,367.68","135,015.03",,,,,,,Organized,Electric Vehicle (EV) Two Wheelers,Registered Producer,,,,,,,,,,,
,Q1,MMPO262700060,Close,April,,28/4/2026,SC2270100042,ATHER ENERGY LIMITED,Fresh Purchase,Second Life,Battery Packs,FOR EPR,Tamil Nadu,South,70,"1,554.00","₹ 4,917.00","344,190.00","406,144.20","414,267.08",,,,,,,Organized,Electric Vehicle (EV) Two Wheelers,Registered Producer,,,,,,,,,,,
,Q1,MMPO262700060,Close,April,,28/4/2026,SC2270100042,ATHER ENERGY LIMITED,Fresh Purchase,Second Life,Battery Packs,FOR EPR,Tamil Nadu,South,32,704,"₹ 7,133.00","228,256.00","269,342.08","274,728.92",,,,,,,Organized,Electric Vehicle (EV) Two Wheelers,Registered Producer,,,,,,,,,,,
,Q1,MMPO262700060,Close,April,,28/4/2026,SC2270100042,ATHER ENERGY LIMITED,Fresh Purchase,Second Life,Battery Packs,FOR EPR,Tamil Nadu,South,7,136.5,"₹ 4,535.00","31,745.00","37,459.10","38,208.28",,,,,,,Organized,Electric Vehicle (EV) Two Wheelers,Registered Producer,,,,,,,,,,,
,Q1,MMPO262700060,Close,April,,28/4/2026,SC2270100042,ATHER ENERGY LIMITED,Fresh Purchase,Recycling,Battery Scrap,FOR EPR,Tamil Nadu,South,1,18.2,"₹ 4,545.00","4,545.00","5,363.10","5,470.36",,,,,,,Organized,Electric Vehicle (EV) Two Wheelers,Registered Producer,,,,,,,,,,,
37,Q1,MMPO262700061,Close,April,,23/4/2026,SC2270000016,ATHER ENERGY LIMITED,Fresh Purchase,Second Life,NMC,FOR EPR,Bengaluru,South,1,22.2,"₹ 5,319.00","5,319.00","6,276.42","6,401.95",,,,,,,Organized,Electric Vehicle (EV) Two Wheelers,Registered Producer,,,,,,,,,,,
,Q1,MMPO262700061,Close,April,,23/4/2026,SC2270000016,ATHER ENERGY LIMITED,Fresh Purchase,Second Life,NMC,FOR EPR,Bengaluru,South,1,23,"₹ 7,561.00","7,561.00","8,921.98","9,100.42",,,,,,,Organized,Electric Vehicle (EV) Two Wheelers,Registered Producer,,,,,,,,,,,
,Q1,MMPO262700061,Close,April,,23/4/2026,SC2270000016,ATHER ENERGY LIMITED,Fresh Purchase,Second Life,LFP Packs,FOR EPR,Bengaluru,South,5,133.2,"₹ 2,139.00","10,695.00","12,620.10","12,872.50",,,,,,,Organized,Electric Vehicle (EV) Two Wheelers,Registered Producer,,,,,,,,,,,
38,Q1,MMPO262700062,Close,April,,23/4/2026,SC2270000014,ATHER ENERGY LIMITED,Fresh Purchase,Second Life,NMC Battery Packs,FOR EPR,Bengaluru,South,1,22,"₹ 5,319.00","5,319.00","6,276.42","6,401.95",,,,,,,Organized,Electric Vehicle (EV) Two Wheelers,Registered Producer,,,,,,,,,,,
,Q1,MMPO262700062,Close,April,,23/4/2026,SC2270000014,ATHER ENERGY LIMITED,Fresh Purchase,Second Life,LFP Packs,FOR EPR,Bengaluru,South,2,46.68,"₹ 2,139.00","4,278.00","5,048.04","5,149.00",,,,,,,Organized,Electric Vehicle (EV) Two Wheelers,Registered Producer,,,,,,,,,,,
39,Q1,MMPO262700064,Close,April,,28/4/2026,TMI/001,Trimurthi international,Fresh Purchase,Recycling,NG coated cu foil single side 5ah,FOR EPR,Bengaluru,South,"8,540.00","8,540.00","₹ 1,160.00","9,906,400.00","11,689,552.00","11,923,343.04",,,,,,,Organized,Industrial Battery,Registered Producer,,,,,,,,,,,
,Q1,MMPO262700064,Close,April,,28/4/2026,TMI/002,Trimurthi international,Fresh Purchase,Recycling,NG coated cu foil single side 5ah,FOR EPR,Bengaluru,South,"10,000.00","10,000.00","₹ 1,160.00","11,600,000.00","13,688,000.00","13,961,760.00",,,,,,,Organized,Industrial Battery,Registered Producer,,,,,,,,,,,
40,Q1,MMPO262700067,Close,April,,24/4/2026,PI/26-27/010,ATHER ENERGY LIMITED,Fresh Purchase,Second Life,LFP Cells,FOR EPR,Bengaluru,South,112,112.00,₹ 10.00,"1,120.00","1,321.60","1,348.03",,,,,,,Organized,Electric Vehicle (EV) Two Wheelers,Registered Producer,,,,,,,,,,No Tax invoice,
41,Q1,MMPO262700078,Close,April,,25/4/2026,7/2026-27,GRAND ENTERPRISES,Fresh Purchase,Recycling,LiPo,FOR EPR,Delhi,North,"3,040.00","3,040.00",₹ 965.00,"2,933,600.00","3,461,648.00","3,530,880.96","3,040.00",,,,,,Organized,Portable Battery used in Consumer Electronics which are rechargable,Registered Producer,,,,,,,,,,,
,Q1,MMPO262700078,Close,April,,25/4/2026,7/2026-27,GRAND ENTERPRISES,Fresh Purchase,Recycling,LCO,FOR EPR,Delhi,North,"6,160.00","6,160.00",₹ 755.00,"4,650,800.00","5,487,944.00","5,597,702.88","2,798,851.44",,,,,,Organized,Portable Battery used in Consumer Electronics which are rechargable,Registered Producer,,,,,,,,,,,
42,Q1,MMPO262700083,Close,April,,29/4/2026,INV/341/2026-27,Recyclify-Ecowaste Management Technologies Pvt Ltd,Fresh Purchase,Recycling,Battery Scrap,FOR EPR,Harayana,North,424,424.00,₹ 300.00,"127,200.00","150,096.00","153,097.92",,,,,,,Organized,Industrial Battery,Recycler,,,,,,,,,,,
,Q1,MMPO262700083,Close,April,,29/4/2026,INV/341/2026-27,Recyclify-Ecowaste Management Technologies Pvt Ltd,Fresh Purchase,Second Life,NMC,FOR EPR,Harayana,North,72,72.00,₹ 300.00,"21,600.00","25,488.00","25,997.76",,,,,,,Organized,Electric Vehicle (EV) Two Wheelers,Recycler,,,,,,,,,,,
,Q1,MMPO262700083,Close,April,,29/4/2026,INV/341/2026-27,Recyclify-Ecowaste Management Technologies Pvt Ltd,Fresh Purchase,Recycling,Battery Scrap,FOR EPR,Harayana,North,62,62.00,₹ 300.00,"18,600.00","21,948.00","22,386.96",,,,,,,Organized,Industrial Battery,Recycler,,,,,,,,,,,
43,Q1,MMPO262700084,Close,May,,2/5/2026,,GRAND ENTERPRISES,Fresh Purchase,Recycling,LiPo,FOR EPR,West Bengal,North,"7,840.00","7,840.00",₹ 970.00,"7,604,800.00","8,973,664.00","9,153,137.28","7,840.00",,,,,,Organized,Portable Battery used in Consumer Electronics which are rechargable,"Other (Collection Centers, Dealers, etc.)",,,,,,,,,,No Tax Invoice,
,Q1,MMPO262700084,Close,May,,2/5/2026,,GRAND ENTERPRISES,Fresh Purchase,Recycling,LCO,FOR EPR,West Bengal,North,"6,890.00","6,890.00",,"5,270,850.00","6,219,603.00","6,343,995.06","3,171,997.53",,,,,,Organized,Portable Battery used in Consumer Electronics which are rechargable,,,,,,,,,,,No Tax Invoice,
44,Q1,MMPO262700056,Close,May,,2/5/2026,2026-27/Apr014,EXIDE ENERGY SOLUTIONS LIMITED,Fresh Purchase,Recycling,NG Coated Cu-foil-Double side 5Ah,FOR EPR,Bengaluru,South,820,820.00,₹ 233.32,"191,322.40","225,760.43","230,275.64",,,,,,,Organized,Industrial Battery,Registered Producer,,,,,,,,,,,
,Q1,MMPO262700056,Close,May,,2/5/2026,2026-27/Apr014,EXIDE ENERGY SOLUTIONS LIMITED,Fresh Purchase,Recycling,NMC Single JR Anode-5Ah,FOR EPR,Bengaluru,South,860,860.00,₹ 214.74,"184,676.40","217,918.15","222,276.52",,,,,,,Organized,Industrial Battery,Registered Producer,,,,,,,,,,,
,Q1,MMPO262700056,Close,May,,2/5/2026,2026-27/Apr014,EXIDE ENERGY SOLUTIONS LIMITED,Fresh Purchase,Second Life,NMC NG cell with electrolyte 5ah,FOR EPR,Bengaluru,South,"2,430.00","2,430.00",₹ 460.59,"1,119,233.70","1,320,695.77","1,347,109.68",,,,,,,Organized,Industrial Battery,Registered Producer,,,,,,,,,,,
,Q1,MMPO262700056,Close,May,,2/5/2026,2026-27/Apr014,EXIDE ENERGY SOLUTIONS LIMITED,Fresh Purchase,Second Life,Jelly Roll-NCM_5Ah,FOR EPR,Bengaluru,South,"2,380.00","2,380.00",₹ 619.09,"1,473,434.20","1,738,652.36","1,773,425.40",,,,,,,Organized,Industrial Battery,Registered Producer,,,,,,,,,,,
45,Q1,MMPO262700087,Close,May,,4/5/2026,2025-26/PI73,Ola Electric Technologies Private Ltd,Fresh Purchase,Second Life,NMC Battery Packs,FOR EPR,Tamil Nadu,South,"9,094.60","9,094.60",₹ 120.00,"1,091,352.00","1,287,795.36","1,313,551.27",,,,,,,Organized,Electric Vehicle (EV) Two Wheelers,Registered Producer,,,,,,,,,,,
46,Q1,MMPO262700088,Close,May,,4/5/2026,1134509912,EXIDE ENERGY SOLUTIONS LIMITED,Fresh Purchase,Second Life,LFP Cells,FOR EPR,Gujarat,North,650.85,650.85,₹ 50.00,"32,542.50","38,400.15","39,168.15",,,,,,,Organized,Industrial Battery,Registered Producer,,,,,,,,,,,
,Q1,MMPO262700088,Close,May,,4/5/2026,1134509912,EXIDE ENERGY SOLUTIONS LIMITED,Fresh Purchase,Second Life,LFP Packs,FOR EPR,Gujarat,North,"1,240.00","1,240.00",₹ 60.00,"74,400.00","87,792.00","89,547.84",,,,,,,Organized,Industrial Battery,Registered Producer,,,,,,,,,,,
,Q1,MMPO262700088,Close,May,,4/5/2026,1134509912,EXIDE ENERGY SOLUTIONS LIMITED,Fresh Purchase,Second Life,NMC Battery Packs,FOR EPR,Gujarat,North,300.6,300.60,₹ 225.00,"67,635.00","79,809.30","81,405.49",,,,,,,Organized,Industrial Battery,Registered Producer,,,,,,,,,,,
47,Q1,MMPO262700092,Close,May,,5/5/2026,11/2026-2027,GRAND ENTERPRISES,Fresh Purchase,Recycling,LiPo,FOR EPR,West Bengal,North,"3,615.00","3,615.00",₹ 970.00,"3,506,550.00","4,137,729.00","4,220,483.58","3,615.00",,,,,,Organized,Portable Battery used in Consumer Electronics which are rechargable,"Other (Collection Centers, Dealers, etc.)",,,,,,,,,,,
,Q1,MMPO262700092,Close,May,,5/5/2026,11/2026-2027,GRAND ENTERPRISES,Fresh Purchase,Recycling,LCO,FOR EPR,West Bengal,North,"5,375.00","5,375.00",₹ 765.00,"4,111,875.00","4,852,012.50","4,949,052.75","2,474,526.38",,,,,,Organized,Portable Battery used in Consumer Electronics which are rechargable,,,,,,,,,,,,
48,Q1,MMPO262700096,Close,May,,6/5/2026,2026-27/PI75,Ola Electric Technologies Private Ltd,Fresh Purchase,Second Life,NMC Battery Packs,FOR EPR,Tamil Nadu,South,"7,865.60","7,865.60",₹ 120.00,"943,872.00","1,113,768.96","1,136,044.34",,,,,,,Organized,Electric Vehicle (EV) Two Wheelers,Registered Producer,,,,,,,,,,No Tax invoice,
49,Q1,MMPO262700097,Close,May,,6/5/2026,SETNINV26-27/042,SHIZEN ENERGY INDIA PRIVATE LIMITED,Fresh Purchase,Second Life,NMC prismatic,FOR EPR,Tamil Nadu,South,"1,990.00","1,990.00",₹ 194.92,"387,890.80","457,711.14","466,865.37",,,,,,,Organized,Electric Vehicle (EV) Two Wheelers,Registered Producer,,,,,,,,,,,
,Q1,MMPO262700097,Close,May,,6/5/2026,SETNINV26-27/042,SHIZEN ENERGY INDIA PRIVATE LIMITED,Fresh Purchase,Second Life,LFP Prismatic cells,FOR EPR,Tamil Nadu,South,"3,024.00","3,024.00",₹ 49.15,"148,629.60","175,382.93","178,890.59",,,,,,,Organized,Electric Vehicle (EV) Two Wheelers,Registered Producer,,,,,,,,,,,
50,Q1,MMPO262700103,Close,May,,7/5/2026,2/2026-27,EVERGREEN STAR RECYCLING PRIVATE LIMITED,Fresh Purchase,Recycling,LiPo,FOR EPR,"West Bengal,",North,"5,720.00","5,720.00",₹ 760.00,"4,347,200.00","5,129,696.00","5,232,289.92",#REF!,,,,,,Organized,Portable Battery used in Consumer Electronics which are rechargable,Recycler,,,,,,,,,,,
,Q1,MMPO262700103,Close,May,,7/5/2026,2/2026-27,EVERGREEN STAR RECYCLING PRIVATE LIMITED,Fresh Purchase,Recycling,LCO,FOR EPR,"West Bengal,",North,"3,320.00","3,320.00",₹ 965.00,"3,203,800.00","3,780,484.00","3,856,093.68",,"5,981,728.97",,,,,Organized,Portable Battery used in Consumer Electronics which are rechargable,Recycler,,,,,,,,,,,
51,Q1,MMPO262700105,Close,May,,8/5/2026,2026-27/Apr015,Exide Energy Solutions Limited,Fresh Purchase,Recycling,NG coated cu foil single side 5ah,FOR EPR,Bengaluru,South,300,300.00,₹ 212.00,"63,600.00","75,048.00","76,548.96",,,,,,,Organized,Industrial Battery,Registered Producer,,,,,,,,,,,
,Q1,MMPO262700105,Close,May,,8/5/2026,2026-27/Apr015,Exide Energy Solutions Limited,Fresh Purchase,Recycling,NMC NG cell with electrolyte 5ah,FOR EPR,Bengaluru,South,460,460.00,₹ 481.32,"221,407.20","261,260.50","266,485.71",,,,,,,Organized,Industrial Battery,Registered Producer,,,,,,,,,,,
52,Q1,MMPO262700107,Close,May,,7/5/2026,PI/006,Re Cap System Energies,Fresh Purchase,Recycling,LCO,FOR EPR,New Delhi,North,"3,000.00","3,000.00","₹ 1,050.00","3,150,000.00","3,717,000.00","3,791,340.00",,,,,,,Organized,Portable Battery used in Consumer Electronics which are rechargable,Recycler,,,,,,,,,,,
,Q1,MMPO262700107,Close,May,,7/5/2026,PI/006,Re Cap System Energies,Fresh Purchase,Recycling,LCO,FOR EPR,New Delhi,North,"4,500.00","4,500.00","₹ 1,070.00","4,815,000.00","5,681,700.00","5,795,334.00",,,,,,,Organized,Portable Battery used in Consumer Electronics which are rechargable,Recycler,,,,,,,,,,,
53,Q1,MMPO262700108,Close,May,,2/5/2026,001/2026-27,SORIAAN RECYCLERS PRIVATE LIMITED,Fresh Purchase,Second Life,LiPo,NOT FOR EPR,Bidadi,South,"1,351.00","1,351.00",₹ 240.00,"324,240.00","382,603.20","390,255.26",,,,,,,Organized,Automative Battery,Recycler,,,,,,,,,,,
54,Q1,MMPO262700114,Close,May,,13/5/2026,Recap/006,Re Cap System Energies,Fresh Purchase,Recycling,LCO,NOT FOR EPR,Delhi,South,"4,150.00","4,150.00",₹ 960.00,"3,984,000.00","4,701,120.00","4,795,142.40",,,,,,,Organized,Portable Battery except those used in Consumer Electronics which are rechargable,"Other (Collection Centers, Dealers, etc.)",,,,,,,,,,,
,Q1,MMPO262700114,Close,May,,13/5/2026,Recap/006,Re Cap System Energies,Fresh Purchase,Recycling,LCO,NOT FOR EPR,Delhi,South,400,400.00,"₹ 1,035.00","414,000.00","488,520.00","498,290.40",,,,,,,Organized,Portable Battery except those used in Consumer Electronics which are rechargable,"Other (Collection Centers, Dealers, etc.)",,,,,,,,,,,
55,,,,,,,,,,,,,,,,,,,,,,,,,,,,,,,,,,,,,,,,
56,Q1,MMPO262700119,Close,May,,12/5/2026,3/2026-27,EVERGREEN STAR RECYCLING PRIVATE LIMITED,Fresh Purchase,Recycling,LiPo,FOR EPR,"West Bengal,",North,"4,625.00","4,625.00",₹ 960.00,"4,440,000.00","5,239,200.00","5,343,984.00",,,,,,,Organized,Portable Battery used in Consumer Electronics which are rechargable,Recycler,,,,,,,,,,,
,Q1,MMPO262700119,Close,May,,12/5/2026,3/2026-27,EVERGREEN STAR RECYCLING PRIVATE LIMITED,Fresh Purchase,Recycling,LCO,FOR EPR,"West Bengal,",North,"4,410.00","4,410.00",₹ 755.00,"3,329,550.00","3,928,869.00","4,007,446.38",,,,,,,Organized,Electric Vehicle (EV) Two Wheelers,Recycler,,,,,,,,,,,
57,Q1,NO PO,Close,May,,9/5/2026,5,Re Cap System Energies,Fresh Purchase,Second Life,NMC,FOR EPR,UP,North,424,424.00,₹ 300.00,"127,200.00","150,096.00","153,097.92",,,,,,,Organized,Electric Vehicle (EV) Two Wheelers,Recycler,,,,,,,,,,,
,Q1,NO PO,Close,May,,9/5/2026,5,Re Cap System Energies,Fresh Purchase,Second Life,NMC,FOR EPR,UP,North,72,72.00,₹ 300.00,"21,600.00","25,488.00","25,997.76",,,,,,,Organized,Electric Vehicle (EV) Two Wheelers,Recycler,,,,,,,,,,,
58,Q1,MMPO262700121,Close,May,,14/5/2026,1400800090,Exide Energy Solutions Limited,Fresh Purchase,Recycling,Anode Electrode LFP 106Ah,FOR EPR,Bengaluru,South,"1,130.00","1,130.00",₹ 212.03,"239,593.90","282,720.80","288,375.22",,,,,,,Organized,Industrial Battery,Registered Producer,,,,,,,,,,,
59,Q1,MMPO262700122,Close,May,,14/5/2026,SC2270000026,ATHER ENERGY LIMITED,Fresh Purchase,Second Life,NMC Battery Packs,FOR EPR,Bengaluru,South,1,17.4,"₹ 3,116.00","3,116.00","3,676.88","3,750.42",,,,,,,Organized,Electric Vehicle (EV) Two Wheelers,Registered Producer,,,,,,,,,,,
,Q1,MMPO262700122,Close,May,,14/5/2026,SC2270000026,ATHER ENERGY LIMITED,Fresh Purchase,Second Life,NMC Battery Packs,FOR EPR,Bengaluru,South,4,75.92,"₹ 5,319.00","21,276.00","25,105.68","25,607.79",,,,,,,Organized,Electric Vehicle (EV) Two Wheelers,Registered Producer,,,,,,,,,,,
,Q1,MMPO262700122,Close,May,,14/5/2026,SC2270000026,ATHER ENERGY LIMITED,Fresh Purchase,Second Life,NMC Battery Packs,FOR EPR,Bengaluru,South,2,37.96,"₹ 7,561.00","15,122.00","17,843.96","18,200.84",,,,,,,Organized,Electric Vehicle (EV) Two Wheelers,Registered Producer,,,,,,,,,,,
,Q1,MMPO262700122,Close,May,,14/5/2026,SC2270000026,ATHER ENERGY LIMITED,Fresh Purchase,Second Life,NMC Battery Packs,FOR EPR,Bengaluru,South,4,76,"₹ 4,954.00","19,816.00","23,382.88","23,850.54",,,,,,,Organized,Electric Vehicle (EV) Two Wheelers,Registered Producer,,,,,,,,,,,
,Q1,MMPO262700122,Close,May,,14/5/2026,SC2270000026,ATHER ENERGY LIMITED,Fresh Purchase,Second Life,NMC Battery Packs,FOR EPR,Bengaluru,South,6,113.9,"₹ 1,917.00","11,502.00","13,572.36","13,843.81",,,,,,,Organized,Electric Vehicle (EV) Two Wheelers,Registered Producer,,,,,,,,,,,
,Q1,MMPO262700122,Close,May,,14/5/2026,SC2270000026,ATHER ENERGY LIMITED,Fresh Purchase,Second Life,NMC Battery Packs,FOR EPR,Bengaluru,South,8,151.8,"₹ 7,133.00","57,064.00","67,335.52","68,682.23",,,,,,,Organized,Electric Vehicle (EV) Two Wheelers,Registered Producer,,,,,,,,,,,
,Q1,MMPO262700122,Close,May,,14/5/2026,SC2270000026,ATHER ENERGY LIMITED,Fresh Purchase,Second Life,NMC Battery Packs,FOR EPR,Bengaluru,South,7,132.87,"₹ 4,535.00","31,745.00","37,459.10","38,208.28",,,,,,,Organized,Electric Vehicle (EV) Two Wheelers,Registered Producer,,,,,,,,,,,
,Q1,MMPO262700122,Close,May,,14/5/2026,SC2270000027,ATHER ENERGY LIMITED,Fresh Purchase,Second Life,LFP Cells,FOR EPR,Bengaluru,South,3,27.51,₹ 556.00,"1,668.00","1,968.24","2,007.60",,,,,,,Organized,Electric Vehicle (EV) Two Wheelers,Registered Producer,,,,,,,,,,,
,Q1,MMPO262700122,Close,May,,14/5/2026,SC2270000027,ATHER ENERGY LIMITED,Fresh Purchase,Second Life,LFP Modules,FOR EPR,Bengaluru,South,18,165.06,₹ 756.00,"13,608.00","16,057.44","16,378.59",,,,,,,Organized,Electric Vehicle (EV) Two Wheelers,Registered Producer,,,,,,,,,,,
,Q1,MMPO262700122,Close,May,,14/5/2026,SC2270000027,ATHER ENERGY LIMITED,Fresh Purchase,Second Life,LFP Packs,FOR EPR,Bengaluru,South,7,177.8,"₹ 2,139.00","14,973.00","17,668.14","18,021.50",,,,,,,Organized,Electric Vehicle (EV) Two Wheelers,Registered Producer,,,,,,,,,,,
60,Q1,MMPO262700125,Close,May,,14/5/2026,2026-27/PI80,Ola Electric Technologies Private Ltd,Fresh Purchase,Second Life,NMC Battery Packs,FOR EPR,Bengaluru,South,"4,424.00","4,424.00",₹ 120.00,"530,880.00","626,438.40","638,967.17",,,,,,,Organized,Electric Vehicle (EV) Two Wheelers,Registered Producer,,,,,,,,,,No tax invoice,
61,Q1,,Close,May,,14/5/2026,,Acko Insurance,Fresh Purchase,Second Life,LFP Packs,FOR EPR,Hyderabad,South,500,500.00,,#VALUE!,#VALUE!,#VALUE!,,,,,,,Organized,Electric Vehicle (EV) Battery Comprising of four wheelers,Registered Producer,,,,,,,,,,,
,Q1,MMPO262700109,Close,May,,15/5/2026,91125358,Greaves Electric Mobility Limited,Fresh Purchase,Second Life,NMC,FOR EPR,Tamil Nadu,South,228.8,228.80,₹ 140.00,"32,032.00","37,797.76","38,553.72",,,,,,,Organized,Electric Vehicle (EV) Two Wheelers,Registered Producer,,,,,,,,,,,
62,Q1,MMPO262700132,Close,May,,15/5/2026,LE-INV/26-27/2,Lekshana Enterprises,Fresh Purchase,Second Life,NMC Battery Packs,FOR EPR,Andhra Pradesh,South,"1,200.00","1,200.00",₹ 320.00,"384,000.00","453,120.00","462,182.40",,,,,,,Organized,Electric Vehicle (EV) Two Wheelers,Registered Producer,,,,,,,,,,,
63,Q1,MMPO262700131,Close,May,,15/5/2026,12/2026-27,GRAND ENTERPRISES,Fresh Purchase,Recycling,LCO,FOR EPR,Delhi,North,"4,640.00","4,640.00",₹ 755.00,"3,503,200.00","4,133,776.00","4,216,451.52",,,,,,,Organized,Portable Battery used in Consumer Electronics which are rechargable,"Other (Collection Centers, Dealers, etc.)",,,,,,,,,,,
,Q1,MMPO262700131,Close,May,,15/5/2026,12/2026-27,GRAND ENTERPRISES,Fresh Purchase,Recycling,LiPo,FOR EPR,Delhi,North,"3,630.00","3,630.00",₹ 955.00,"3,466,650.00","4,090,647.00","4,172,459.94",,,,,,,Organized,Portable Battery used in Consumer Electronics which are rechargable,,,,,,,,,,,,
64,Q1,MMPO262700126,Close,May,,14/5/2026,SC2270000029,Ather Energy Private Limited,Fresh Purchase,Second Life,LFP Packs,FOR EPR,Bengaluru,South,3,76,"₹ 2,139.00","6,417.00","7,572.06","7,723.50",,,,,,,Organized,Electric Vehicle (EV) Two Wheelers,Registered Producer,,,,,,,,,,,
65,Q1,MMPO262700136,Close,May,,18/5/2026,4100636732,OLA Electric Technologies Pvt Ltd,Fresh Purchase,Second Life,NMC Battery Packs,FOR EPR,Tamil Nadu,South,31.2,31.2,₹ 120.00,"3,744.00","4,417.92","4,506.28",,,,,,,Organized,Electric Vehicle (EV) Two Wheelers,Registered Producer,,,,,,,,,,,
,Q1,MMPO262700136,Close,May,,18/5/2026,4100636732,OLA Electric Technologies Pvt Ltd,Fresh Purchase,Recycling,Battery Scrap,FOR EPR,Tamil Nadu,South,"2,242.20","2,242.20",₹ 120.00,"269,064.00","317,495.52","323,845.43",,,,,,,Organized,Electric Vehicle (EV) Two Wheelers,Registered Producer,,,,,,,,,,,
,Q1,MMPO262700136,Close,May,,18/5/2026,4100636732,OLA Electric Technologies Pvt Ltd,Fresh Purchase,Recycling,Battery Scrap,FOR EPR,Tamil Nadu,South,"3,367.46","3,367.46",₹ 120.00,"404,095.20","476,832.34","486,368.98",,,,,,,Organized,Electric Vehicle (EV) Two Wheelers,Registered Producer,,,,,,,,,,,
66,,MMPO262700137,Close,May,,18/5/2026,RD/01/26-27,Rudra trading,Fresh Purchase,Direct Sale,copper mixed scrap,NOT FOR EPR,Banglore,South,"44,000.00","44,000.00","₹ 1,155.00","50,820,000.00","59,967,600.00","61,166,952.00",,,,,,,Organized,"Other - BAttery material ( Black Mass, Plastic, Nickel etc)","Other (Collection Centers, Dealers, etc.)",,,,,,,,,,,
67,Q1,MMPO262700151,Close,May,,19/5/2026,SC/1/2026-27,NIDHI EV WORLD,Fresh Purchase,Second Life,NMC,FOR EPR,Bengaluru,South,139,139,₹ 140.00,"19,460.00","22,962.80","23,422.06",,,,,,,Organized,Electric Vehicle (EV) Two Wheelers,Registered Producer,,,,,,,,,,,
68,Q1,MMPO262700150,Close,May,,21/5/2026,EEE/066/26-27,EEE Energy Private Limited,Fresh Purchase,Second Life,NMC,FOR EPR,Tamil Nadu,South,276.91,276.91,₹ 250.00,"69,227.50","81,688.45","83,322.22",,,,,,,Organized,Automative Battery,Registered Producer,,,,,,,,,,,
,Q1,MMPO262700150,Close,May,,21/5/2026,EEE/066/26-27,EEE Energy Private Limited,Fresh Purchase,Second Life,NMC prismatic,FOR EPR,Tamil Nadu,South,10.99,10.99,₹ 250.00,"2,747.50","3,242.05","3,306.89",,,,,,,Organized,Automative Battery,Registered Producer,,,,,,,,,,,
,Q1,MMPO262700150,Close,May,,21/5/2026,EEE/066/26-27,EEE Energy Private Limited,Fresh Purchase,Second Life,LFP Cells,FOR EPR,Tamil Nadu,South,180.87,180.87,₹ 20.00,"3,617.40","4,268.53","4,353.90",,,,,,,Organized,Automative Battery,Registered Producer,,,,,,,,,,,
,Q1,MMPO262700150,Close,May,,21/5/2026,EEE/066/26-27,EEE Energy Private Limited,Fresh Purchase,Direct Sale,Metal Scrap Cu+Al,FOR EPR,Tamil Nadu,South,26.21,26.21,₹ 25.00,655.25,773.2,788.66,,,,,,,Organized,"Other - BAttery material ( Black Mass, Plastic, Nickel etc)",Registered Producer,,,,,,,,,,,
,Q1,MMPO262700150,Close,May,,21/5/2026,EEE/066/26-27,EEE Energy Private Limited,Fresh Purchase,Direct Sale,Aluminium Scrap,FOR EPR,Tamil Nadu,South,18.39,18.39,₹ 100.00,"1,839.00","2,170.02","2,213.42",,,,,,,Organized,"Other - BAttery material ( Black Mass, Plastic, Nickel etc)",Registered Producer,,,,,,,,,,,
,Q1,MMPO262700150,Close,May,,21/5/2026,EEE/066/26-27,EEE Energy Private Limited,Fresh Purchase,Direct Sale,Metal Scrap Cu+Al with mix Plastic,FOR EPR,Tamil Nadu,South,8.49,8.49,₹ 5.00,42.45,50.09,51.09,,,,,,,Organized,"Other - BAttery material ( Black Mass, Plastic, Nickel etc)",Registered Producer,,,,,,,,,,,
,Q1,MMPO262700150,Close,May,,21/5/2026,EEE/066/26-27,EEE Energy Private Limited,Fresh Purchase,Direct Sale,Aluminium Scrap,FOR EPR,Tamil Nadu,South,23.62,23.62,₹ 150.00,"3,543.00","4,180.74","4,264.35",,,,,,,Organized,"Other - BAttery material ( Black Mass, Plastic, Nickel etc)",Registered Producer,,,,,,,,,,,
,Q1,MMPO262700150,Close,May,,21/5/2026,EEE/066/26-27,EEE Energy Private Limited,Fresh Purchase,Direct Sale,Nickel Strips,FOR EPR,Tamil Nadu,South,27.97,27.97,₹ 550.00,"15,383.50","18,152.53","18,515.58",,,,,,,Organized,"Other - BAttery material ( Black Mass, Plastic, Nickel etc)",Registered Producer,,,,,,,,,,,
,Q1,MMPO262700150,Close,May,,21/5/2026,EEE/066/26-27,EEE Energy Private Limited,Fresh Purchase,Direct Sale,E-Waste,FOR EPR,Tamil Nadu,South,24.34,24.34,₹ 200.00,"4,868.00","5,744.24","5,859.12",,,,,,,Organized,"Other - BAttery material ( Black Mass, Plastic, Nickel etc)",Registered Producer,,,,,,,,,,,
,Q1,MMPO262700150,Close,May,,21/5/2026,EEE/066/26-27,EEE Energy Private Limited,Fresh Purchase,Direct Sale,E-Waste,FOR EPR,Tamil Nadu,South,24.91,24.91,₹ 5.00,124.55,146.97,149.91,,,,,,,Organized,"Other - BAttery material ( Black Mass, Plastic, Nickel etc)",Registered Producer,,,,,,,,,,,
,Q1,MMPO262700150,Close,May,,21/5/2026,EEE/066/26-27,EEE Energy Private Limited,Fresh Purchase,Direct Sale,E-Waste,FOR EPR,Tamil Nadu,South,151.67,151.67,₹ 1.00,151.67,178.97,182.55,,,,,,,Organized,"Other - BAttery material ( Black Mass, Plastic, Nickel etc)",Registered Producer,,,,,,,,,,,
,Q1,MMPO262700150,Close,May,,21/5/2026,EEE/066/26-27,EEE Energy Private Limited,Fresh Purchase,Direct Sale,E-Waste,FOR EPR,Tamil Nadu,South,0.93,0.93,₹ 0.00,0,0,-,,,,,,,Organized,"Other - BAttery material ( Black Mass, Plastic, Nickel etc)",Registered Producer,,,,,,,,,,,
69,Q1,MMPO262700130-1,Close,May,,21/5/2026,HE1000026246,Maruti Suzuki India Limited,Fresh Purchase,Second Life,LFP Packs,FOR EPR,Harayana,North,110,110,₹ 100.00,"11,000.00","12,980.00","13,239.60",,,,,,,Organized,Electric Vehicle (EV) Battery Comprising of four wheelers,Registered Producer,,,,,,,,,,,
70,Q1,No Po,Close,May,,15/5/2026,91125358,Ampere,Fresh Purchase,Second Life,NMC Battery Packs,FOR EPR,Tamil Nadu,South,228.8,228.8,₹ 140.00,"32,032.00","37,797.76","38,553.72",,,,,,,Organized,Electric Vehicle (EV) Two Wheelers,Registered Producer,,,,,,,,,,,
71,Q1,MMPO262700142,Close,May,,22/5/2026,SC2270100068,Ather,Fresh Purchase,Second Life,LFP Modules,FOR EPR,Tamil Nadu,South,31,270,₹ 756.00,"23,436.00","27,654.48","28,207.57",,,,,,,Organized,Electric Vehicle (EV) Two Wheelers,Registered Producer,,,,,,,,,,,
,Q1,MMPO262700142,Close,May,,22/5/2026,SC2270100068,Ather,Fresh Purchase,Second Life,LFP Battery pack,FOR EPR,Tamil Nadu,South,17,422,"₹ 2,139.00","36,363.00","42,908.34","43,766.51",,,,,,,Organized,Electric Vehicle (EV) Two Wheelers,Registered Producer,,,,,,,,,,,
72,Q1,MMPO262700152,Close,May,,22/5/2026,RECAP/008,Re Cap System Energies,Fresh Purchase,Second Life,NMC,FOR EPR,Delhi,North,880,880,₹ 390.00,"343,200.00","404,976.00","413,075.52",,,,,,,Organized,Electric Vehicle (EV) Two Wheelers,"Other (Collection Centers, Dealers, etc.)",,,,,,,,,,,
73,Q1,MMPO262700167,Close,May,,27/5/2026,MSTI/26-27/0228,Maruti Suzuki Toyotsu India Private Limited,Fresh Purchase,Recycling,LTO,FOR EPR,New Delhi,North,250,250,₹ 39.00,"9,750.00","11,505.00","11,735.10",,,,,,,Organized,Electric Vehicle (EV) Battery Comprising of four wheelers,Registered Producer,,,,,,,,,,,
74,Q1,MMPO262700171,Close,May,,27/5/2026,3/2026-27,N S Enterprises,Fresh Purchase,Recycling,LCO,NOT FOR EPR,West Bengal,North,"7,530.00","7,530.00",₹ 770.00,"5,798,100.00","6,841,758.00","6,978,593.16",,,,,,,Organized,Portable Battery except those used in Consumer Electronics which are rechargable,"Other (Collection Centers, Dealers, etc.)",,,,,,,,,,,
,Q1,MMPO262700171,Close,May,,27/5/2026,3/2026-27,N S Enterprises,Fresh Purchase,Recycling,LiPo,NOT FOR EPR,West Bengal,North,"1,550.00","1,550.00",₹ 975.00,"1,511,250.00","1,783,275.00","1,818,940.50",,,,,,,Organized,Portable Battery except those used in Consumer Electronics which are rechargable,,,,,,,,,,,,
75,Q1,MMPO262700147,Close,May,,29/5/2026,1400800132,Exide Energy Solutions Limited,Fresh Purchase,Recycling,NG Coated cu-foil double side 102Ah,NOT FOR EPR,Bengaluru,South,"5,270.00","5,270.00",₹ 220.90,"1,164,143.00","1,373,688.74","1,401,162.51",,,,,,,Organized,Industrial Battery,Registered Producer,,,,,,,,,,,
,Q1,MMPO262700147,Close,May,,29/5/2026,1400800134,Exide Energy Solutions Limited,Fresh Purchase,Recycling,NG Coated cu-foil double side 102Ah,NOT FOR EPR,Bengaluru,South,"5,170.00","5,170.00",₹ 220.90,"1,142,053.00","1,347,622.54","1,374,574.99",,,,,,,Organized,Industrial Battery,Registered Producer,,,,,,,,,,,
,Q1,MMPO262700147,Close,May,,29/5/2026,1400800137,Exide Energy Solutions Limited,Fresh Purchase,Recycling,NG coated cu foil single side 102Ah,NOT FOR EPR,Bengaluru,South,"3,300.00","3,300.00",₹ 349.20,"1,152,360.00","1,359,784.80","1,386,980.50",,,,,,,Organized,Industrial Battery,Registered Producer,,,,,,,,,,,
76,Q1,MMPO262700178,Close,May,,29/5/2026,26-27/19,ei-Energy India,Fresh Purchase,Second Life,NMC,FOR EPR,karnataka,South,100.6,100.6,₹ 170.00,"17,102.00","20,180.36","20,583.97",,,,,,,Organized,Electric Vehicle (EV) Two Wheelers,Registered Producer,,,,,,,,,,,
77,Q1,MMPO262700147,Close,May,,30/5/2026,1400800138,Exide Energy Solutions Limited,Fresh Purchase,Recycling,Anode Electrode LFP 102Ah,NOT FOR EPR,Bengaluru,South,"1,140.00","1,140.00",₹ 220.89,"251,814.60","297,141.23","303,084.05",,,,,,,Organized,Industrial Battery,Registered Producer,,,,,,,,,,,
78,Q1,MMPO262700183,Close,June,,1/6/2026,4/2026-27,EVERGREEN STAR RECYCLING Pvt Ltd,Fresh Purchase,Recycling,LiPo,NOT FOR EPR,West Bengal,North,"2,420.00","2,420.00",₹ 980.00,"2,371,600.00","2,798,488.00","2,854,457.76",,,,,,,Organized,Industrial Battery,Recycler,,,,,,,,,,,
,Q1,MMPO262700183,Close,June,,1/6/2026,4/2026-27,EVERGREEN STAR RECYCLING Pvt Ltd,Fresh Purchase,Recycling,LCO,NOT FOR EPR,West Bengal,North,"6,680.00","6,680.00",₹ 775.00,"5,177,000.00","6,108,860.00","6,231,037.20",,,,,,,Organized,Portable Battery except those used in Consumer Electronics which are rechargable,Recycler,,,,,,,,,,,
79,Q1,MMPO262700182,Close,June,,1/6/2026,INV-61-2026-27,SS Enterprises,Fresh Purchase,Recycling,LTO,NOT FOR EPR,Chennai,South,600,600,₹ 110.00,"66,000.00","77,880.00","79,437.60",,,,,,,Organized,Automative Battery,"Other (Collection Centers, Dealers, etc.)",,,,,,,,,,,
,Q1,MMPO262700182,Close,June,,1/6/2026,INV-61-2026-27,SS Enterprises,Fresh Purchase,Recycling,LFP Prismatic cells,NOT FOR EPR,Chennai,South,293,293,₹ 60.00,"17,580.00","20,744.40","21,159.29",,,,,,,Organized,Automative Battery,"Other (Collection Centers, Dealers, etc.)",,,,,,,,,,,
80,Q1,MMPO262700186,Close,June,,2/6/2026,ELX/26-27/036,Elxion Private Limited,Fresh Purchase,Recycling,LCO,NOT FOR EPR,Banglore,South,,,₹ 300.00,0,0,-,,,,,,,Organized,Portable Battery used in Consumer Electronics which are rechargable,Recycler,,,,,,,,,,,
,Q1,MMPO262700186,Close,June,,2/6/2026,ELX/26-27/036,Elxion Private Limited,Fresh Purchase,Second Life,NMC Battery Packs,NOT FOR EPR,Banglore,South,,,₹ 135.00,0,0,-,,,,,,,Organized,Portable Battery used in Consumer Electronics which are rechargable,Recycler,,,,,,,,,,,
81,Q1,MMPO262700191,Close,June,,2/6/2026,SC2270000036,ATHER ENERGY LIMITED,Fresh Purchase,Second Life,LFP Modules,FOR EPR,Banglore,South,15,136,"₹ 1,107.00","16,605.00","19,593.90","19,985.78",,,,,,,Organized,Electric Vehicle (EV) Two Wheelers,Registered Producer,,,,,,,,,,,
82,Q1,MMPO262700194,Close,June,,2/6/2026,SC2270000035,ATHER ENERGY LIMITED,Fresh Purchase,Second Life,NMC,FOR EPR,Banglore,South,2,47.15,"₹ 5,690.00","11,380.00","13,428.40","13,696.97",,,,,,,Organized,Electric Vehicle (EV) Two Wheelers,Registered Producer,,,,,,,,,,,
,Q1,MMPO262700194,Close,June,,2/6/2026,SC2270000035,ATHER ENERGY LIMITED,Fresh Purchase,Second Life,NMC,FOR EPR,Banglore,South,1,23.7,"₹ 8,631.00","8,631.00","10,184.58","10,388.27",,,,,,,Organized,Electric Vehicle (EV) Two Wheelers,Registered Producer,,,,,,,,,,,
,Q1,MMPO262700194,Close,June,,2/6/2026,SC2270000035,ATHER ENERGY LIMITED,Fresh Purchase,Second Life,NMC,FOR EPR,Banglore,South,1,23.1,"₹ 8,186.00","8,186.00","9,659.48","9,852.67",,,,,,,Organized,Electric Vehicle (EV) Two Wheelers,Registered Producer,,,,,,,,,,,
,Q1,MMPO262700194,Close,June,,2/6/2026,SC2270000035,ATHER ENERGY LIMITED,Fresh Purchase,Second Life,NMC,FOR EPR,Banglore,South,1,14.95,"₹ 7,863.00","7,863.00","9,278.34","9,463.91",,,,,,,Organized,Electric Vehicle (EV) Two Wheelers,Registered Producer,,,,,,,,,,,
,Q1,MMPO262700194,Close,June,,2/6/2026,SC2270000035,ATHER ENERGY LIMITED,Fresh Purchase,Second Life,LFP Battery pack,FOR EPR,Banglore,South,19,508,"₹ 2,703.00","51,357.00","60,601.26","61,813.29",,,,,,,Organized,Electric Vehicle (EV) Two Wheelers,Registered Producer,,,,,,,,,,,
83,Q1,MMPO262700195,Close,June,,4/6/2026,RECAP/013,Re Cap System Energies,Fresh Purchase,Recycling,NMC Battery Packs,NOT FOR EPR,Delhi,North,598,598,₹ 290.00,"173,420.00","204,635.60","208,728.31",,,,,,,Organized,Electric Vehicle (EV) Two Wheelers,"Other (Collection Centers, Dealers, etc.)",,,,,,,,,,,
,Q1,MMPO262700195,Close,June,,4/6/2026,RECAP/013,Re Cap System Energies,Fresh Purchase,Recycling,Polymer,NOT FOR EPR,Delhi,North,"5,137.00","5,137.00",₹ 978.00,"5,023,986.00","5,928,303.48","6,046,869.55",,,,,,,Organized,Industrial Battery,,,,,,,,,,,,
,Q1,MMPO262700195,Close,June,,4/6/2026,RECAP/013,Re Cap System Energies,Fresh Purchase,Recycling,Laptop Batteries,NOT FOR EPR,Delhi,North,"4,500.00","4,500.00","₹ 1,045.00","4,702,500.00","5,548,950.00","5,659,929.00",,,,,,,Organized,Portable Battery except those used in Consumer Electronics which are rechargable,"Other (Collection Centers, Dealers, etc.)",,,,,,,,,,,
,Q1,MMPO262700195,Close,June,,4/6/2026,RECAP/013,Re Cap System Energies,Fresh Purchase,Recycling,LMO,NOT FOR EPR,Delhi,North,977,977,₹ 245.00,"239,365.00","282,450.70","288,099.71",,,,,,,Organized,Portable Battery except those used in Consumer Electronics which are rechargable,,,,,,,,,,,,
84,Q1,NO PO,Close,June,,2/6/2026,15,Buraq Enterprises,Fresh Purchase,Direct Sale,Nickel Strips,NOT FOR EPR,Banglore,South,62,62,₹ 552.00,"34,224.00","40,384.32",,,,,,,,Organized,Portable Battery used in Consumer Electronics which are rechargable,"Other (Collection Centers, Dealers, etc.)",,,,,,,,,,,
85,,MMPO262700189,Close,June,,4/6/2026,718857167,Bajaj auto ltd,Fresh Purchase,Second Life,NMC 21700,FOR EPR,Pune,North,"12,408.40","12,408.40","₹ 1,044.00","12,954,369.60","15,286,156.13",,,,,,,,Organized,Electric Vehicle (EV) Two Wheelers,Registered Producer,,,,,,,,,,,
86,,MMPO262700207,Close,June,,9/6/2026,718857181,Bajaj auto ltd,Fresh Purchase,Second Life,NMC 18650,FOR EPR,Pune,North,"9,400.04","9,400.04","₹ 1,020.00","9,588,040.80","11,313,888.14",,,,,,,,Organized,Electric Vehicle (EV) Two Wheelers,Registered Producer,,,,,,,,,,,
87,,MMPO262700221,Close,June,,15/6/2026,718857205,Bajaj auto ltd,Fresh Purchase,Second Life,NMC 18650,FOR EPR,Pune,North,"11,205.26","11,205.26","₹ 1,020.00","11,429,365.20","13,486,650.94",,,,,,,,,,,,,,,,,,,,,
88,Q1,MMPO262700200,Close,June,,5/6/2026,SC2270100097,ATHER ENERGY LIMITED,Fresh Purchase,Second Life,LFP Modules,FOR EPR,Tamil Nadu,South,152,"1,307.00",₹ 907.00,"137,864.00","162,679.52","165,933.11",,,,,,,Organized,Electric Vehicle (EV) Two Wheelers,Registered Producer,,,,,,,,,,,
,Q1,MMPO262700200,Close,June,,5/6/2026,SC2270100097,ATHER ENERGY LIMITED,Fresh Purchase,Second Life,LFP Battery pack,FOR EPR,Tamil Nadu,South,16,384,"₹ 2,703.00","43,248.00","51,032.64","52,053.29",,,,,,,Organized,Electric Vehicle (EV) Two Wheelers,Registered Producer,,,,,,,,,,,
89,Q1,NO PO,Close,June,,3/6/2026,5841,C A ELECTRONICS,Fresh Purchase,Recycling,NMC,NOT FOR EPR,Banglore,South,71.85,71.85,₹ 150.00,"10,777.50","12,717.45",,,,,,,,Organized,Electric Vehicle (EV) Two Wheelers,"Other (Collection Centers, Dealers, etc.)",,,,,,,,,,,
90,Q1,MMPO262700203,Close,June,,8/6/2026,LE-INV/26-27/4,Lekshana Enterprises,Fresh Purchase,Second Life,NMC,NOT FOR EPR,Andhra Pradesh,South,"1,500.00","1,500.00",₹ 320.00,"480,000.00","566,400.00",,,,,,,,Organized,Electric Vehicle (EV) Two Wheelers,"Other (Collection Centers, Dealers, etc.)",,,,,,,,,,,
91,Q1,MMPO262700204,Close,June,,8/6/2026,RECAP/017,RE Cap System Energies,Fresh Purchase,Recycling,LCO,NOT FOR EPR,Delhi,North,561,561,₹ 975.00,"546,975.00","645,430.50",,,,,,,,Organized,Portable Battery used in Consumer Electronics which are rechargable,"Other (Collection Centers, Dealers, etc.)",,,,,,,,,,,
,Q1,MMPO262700204,Close,June,,8/6/2026,RECAP/017,RE Cap System Energies,Fresh Purchase,Recycling,NMC,NOT FOR EPR,Delhi,North,64.95,64.95,₹ 400.00,"25,980.00","30,656.40",,,,,,,,Organized,Electric Vehicle (EV) Two Wheelers,"Other (Collection Centers, Dealers, etc.)",,,,,,,,,,,
,Q1,MMPO262700204,Close,June,,8/6/2026,RECAP/017,RE Cap System Energies,Fresh Purchase,Recycling,Laptop Batteries,NOT FOR EPR,Delhi,North,5.8,5.8,"₹ 1,030.00","5,974.00","7,049.32",,,,,,,,Organized,Portable Battery used in Consumer Electronics which are rechargable,"Other (Collection Centers, Dealers, etc.)",,,,,,,,,,,
,Q1,MMPO262700204,Close,June,,8/6/2026,RECAP/017,RE Cap System Energies,Fresh Purchase,Recycling,LCO,NOT FOR EPR,Delhi,North,193.5,193.5,₹ 550.00,"106,425.00","125,581.50",,,,,,,,Organized,Portable Battery used in Consumer Electronics which are rechargable,"Other (Collection Centers, Dealers, etc.)",,,,,,,,,,,
92,Q1,MMPO262700208,Close,June,,10/6/2026,HK1000359853,Maruti Suzuki India Limited,Fresh Purchase,Recycling,NMC,FOR EPR,Harayana,North,160,160,₹ 175.00,"28,000.00","33,040.00",,,,,,,,Organized,Electric Vehicle (EV) Battery Comprising of four wheelers,Registered Producer,,,,,,,,,,,
91,Q1,MMPO262700212,Close,June,,9/6/2026,360078700517,Exicom Tele-Systems Limited,Fresh Purchase,Second Life,NMC 18650,FOR EPR,Harayana,North,"166,102.00","7,972.90",₹ 72.00,"11,959,344.00","14,112,025.92",,,,,,,,Organized,Electric Vehicle (EV) Two Wheelers,Registered Producer,,,,,,,,,,,
92,Q1,MMPO262700211-1,Close,June,,9/6/2026,420079601011,Exicom Energy Systems Private Limited,Fresh Purchase,Second Life,NMC 18650,FOR EPR,Harayana,North,"11,378.00",546.14,₹ 68.00,"773,704.00","912,970.72",,,,,,,,Organized,Electric Vehicle (EV) Two Wheelers,Registered Producer,,,,,,,,,,,
93,,MMPO262700216,Close,June,,11/6/2026,1/2026-27,GRAND ENTERPRISES,Fresh Purchase,Recycling,LCO,NOT FOR EPR,West Bengal,North,"5,400.00","5,400.00",₹ 770.00,"4,158,000.00","4,906,440.00",,,,,,,,Organized,Portable Battery used in Consumer Electronics which are rechargable,"Other (Collection Centers, Dealers, etc.)",,,,,,,,,,,
,,MMPO262700216,Close,June,,11/6/2026,1/2026-27,GRAND ENTERPRISES,Fresh Purchase,Recycling,LiPo,NOT FOR EPR,West Bengal,North,"3,650.00","3,650.00",₹ 975.00,"3,558,750.00","4,199,325.00",,,,,,,,Organized,Portable Battery used in Consumer Electronics which are rechargable,"Other (Collection Centers, Dealers, etc.)",,,,,,,,,,,
94,Q1,MMPO262700217,Close,June,,11/6/2026,2/2026-27,GRAND ENTERPRISES,Fresh Purchase,Recycling,LCO,NOT FOR EPR,New Delhi,North,"5,260.00","5,260.00",₹ 770.00,"4,050,200.00","4,779,236.00",,,,,,,,Organized,Portable Battery except those used in Consumer Electronics which are rechargable,"Other (Collection Centers, Dealers, etc.)",,,,,,,,,,,
,Q1,MMPO262700216,Close,June,,11/6/2026,2/2026-27,GRAND ENTERPRISES,Fresh Purchase,Recycling,LiPo,NOT FOR EPR,New Delhi,North,"3,840.00","3,840.00",₹ 975.00,"3,744,000.00","4,417,920.00",,,,,,,,Organized,Industrial Battery,"Other (Collection Centers, Dealers, etc.)",,,,,,,,,,,
95,Q1,MMPO262700227,Close,June,,16/6/2026,SC2270000038,ATHER ENERGY LIMITED,Fresh Purchase,Second Life,LFP,FOR EPR,Banglore,South,6,140,"₹ 3,038.00","18,228.00","21,509.04","21,939.22",,,,,,,Organized,Electric Vehicle (EV) Two Wheelers,Registered Producer,,,,,,,,,,,
,Q1,MMPO262700228,Close,June,,16/6/2026,PI/26-27/030,ATHER ENERGY LIMITED,Fresh Purchase,Second Life,NMC,FOR EPR,Banglore,South,2,2,"₹ 6,111.00","12,222.00","14,421.96","14,710.40",,,,,,,Organized,Electric Vehicle (EV) Two Wheelers,Registered Producer,,,,,,,,,,,
,Q1,MMPO262700228,Close,June,,16/6/2026,PI/26-27/030,ATHER ENERGY LIMITED,Fresh Purchase,Second Life,NMC,FOR EPR,Banglore,South,8,8,"₹ 8,631.00","69,048.00","81,476.64","83,106.17",,,,,,,Organized,Electric Vehicle (EV) Two Wheelers,Registered Producer,,,,,,,,,,,
,Q1,MMPO262700228,Close,June,,16/6/2026,PI/26-27/030,ATHER ENERGY LIMITED,Fresh Purchase,Second Life,NMC,FOR EPR,Banglore,South,11,11,"₹ 5,691.00","62,601.00","73,869.18","75,346.56",,,,,,,Organized,Electric Vehicle (EV) Two Wheelers,Registered Producer,,,,,,,,,,,
96,Q1,MMPO262700229,Close,June,,16/6/2026,SC2270100100,ATHER ENERGY LIMITED,Fresh Purchase,Second Life,NMC,FOR EPR,Banglore,South,8,170.4,"₹ 8,631.00","69,048.00","81,476.64","83,106.17",,,,,,,Organized,Electric Vehicle (EV) Two Wheelers,Registered Producer,,,,,,,,,,,
,Q1,MMPO262700229,Close,June,,16/6/2026,SC2270100100,ATHER ENERGY LIMITED,Fresh Purchase,Second Life,NMC,FOR EPR,Banglore,South,2,38.3,"₹ 5,691.00","11,382.00","13,430.76","13,699.38",,,,,,,Organized,Electric Vehicle (EV) Two Wheelers,Registered Producer,,,,,,,,,,,
,Q1,MMPO262700229,Close,June,,16/6/2026,SC2270100100,ATHER ENERGY LIMITED,Fresh Purchase,Second Life,LFP,FOR EPR,Banglore,South,7,175.6,"₹ 3,038.00","21,266.00","25,093.88","25,595.76",,,,,,,Organized,Electric Vehicle (EV) Two Wheelers,Registered Producer,,,,,,,,,,,
,Q1,MMPO262700229,Close,June,,16/6/2026,SC2270100100,ATHER ENERGY LIMITED,Fresh Purchase,Second Life,NMC,FOR EPR,Banglore,South,1,23,"₹ 8,186.00","8,186.00","9,659.48","9,852.67",,,,,,,Organized,Electric Vehicle (EV) Two Wheelers,Registered Producer,,,,,,,,,,,
,Q1,MMPO262700229,Close,June,,16/6/2026,SC2270100100,ATHER ENERGY LIMITED,Fresh Purchase,Second Life,LFP,FOR EPR,Banglore,South,3,34.6,"₹ 1,107.00","3,321.00","3,918.78","3,997.16",,,,,,,Organized,Electric Vehicle (EV) Two Wheelers,Registered Producer,,,,,,,,,,,
,Q1,MMPO262700229,Close,June,,16/6/2026,SC2270100100,ATHER ENERGY LIMITED,Fresh Purchase,Second Life,LFP,FOR EPR,Banglore,South,8,72.1,₹ 907.00,"7,256.00","8,562.08","8,733.32",,,,,,,Organized,Electric Vehicle (EV) Two Wheelers,Registered Producer,,,,,,,,,,,
,Q1,MMPO262700229,Close,June,,16/6/2026,SC2270100100,ATHER ENERGY LIMITED,Fresh Purchase,Second Life,LFP,FOR EPR,Banglore,South,1,16.4,"₹ 1,704.00","1,704.00","2,010.72","2,050.93",,,,,,,Organized,Electric Vehicle (EV) Two Wheelers,Registered Producer,,,,,,,,,,,
97,Q1,MMPO262700224,Close,June,,16/6/2026,G26-27-001,0hreems Greencell Tech Private Limited,Fresh Purchase,Second Life,NMC,NOT FOR EPR,Banglore,South,"12,000.00","11,980.00",₹ 294.00,"3,528,000.00","4,163,040.00","4,246,300.80",,,,,,,Organized,Electric Vehicle (EV) Two Wheelers,Recycler,,,,,,,,,,,
98,Q1,MMPO262700241,Close,June,,17/6/2026,SC2270000040,ATHER ENERGY LIMITED,Fresh Purchase,Second Life,NMC,FOR EPR,Banglore,South,7,117.6,"₹ 6,111.00","42,777.00","50,476.86","51,486.40",,,,,,,Organized,Electric Vehicle (EV) Two Wheelers,Registered Producer,,,,,,,,,,,
,Q1,MMPO262700241,Close,June,,17/6/2026,SC2270000040,ATHER ENERGY LIMITED,Fresh Purchase,Second Life,NMC,FOR EPR,Banglore,South,8,208.2,"₹ 8,631.00","69,048.00","81,476.64","83,106.17",,,,,,,Organized,Electric Vehicle (EV) Two Wheelers,Registered Producer,,,,,,,,,,,
,Q1,MMPO262700241,Close,June,,17/6/2026,SC2270000040,ATHER ENERGY LIMITED,Fresh Purchase,Second Life,NMC,FOR EPR,Banglore,South,2,38.1,"₹ 5,691.00","11,382.00","13,430.76","13,699.38",,,,,,,Organized,Electric Vehicle (EV) Two Wheelers,Registered Producer,,,,,,,,,,,
,Q1,MMPO262700241,Close,June,,17/6/2026,SC2270000040,ATHER ENERGY LIMITED,Fresh Purchase,Second Life,LFP,FOR EPR,Banglore,South,19,475.4,"₹ 2,749.00","52,231.00","61,632.58","62,865.23",,,,,,,Organized,Electric Vehicle (EV) Two Wheelers,Registered Producer,,,,,,,,,,,
,Q1,MMPO262700241,Close,June,,17/6/2026,SC2270000040,ATHER ENERGY LIMITED,Fresh Purchase,Second Life,NMC,FOR EPR,Banglore,South,2,52.3,"₹ 3,890.00","7,780.00","9,180.40","9,364.01",,,,,,,Organized,Electric Vehicle (EV) Two Wheelers,Registered Producer,,,,,,,,,,,
,Q1,MMPO262700241,Close,June,,17/6/2026,SC2270000040,ATHER ENERGY LIMITED,Fresh Purchase,Second Life,NMC,FOR EPR,Banglore,South,10,222.3,"₹ 5,690.00","56,900.00","67,142.00","68,484.84",,,,,,,Organized,Electric Vehicle (EV) Two Wheelers,Registered Producer,,,,,,,,,,,
,Q1,MMPO262700241,Close,June,,17/6/2026,SC2270000040,ATHER ENERGY LIMITED,Fresh Purchase,Second Life,NMC,FOR EPR,Banglore,South,11,279.2,"₹ 8,186.00","90,046.00","106,254.28","108,379.37",,,,,,,Organized,Electric Vehicle (EV) Two Wheelers,Registered Producer,,,,,,,,,,,
,Q1,MMPO262700241,Close,June,,17/6/2026,SC2270000040,ATHER ENERGY LIMITED,Fresh Purchase,Second Life,LFP,FOR EPR,Banglore,South,24,600.4,"₹ 2,703.00","64,872.00","76,548.96","78,079.94",,,,,,,Organized,Electric Vehicle (EV) Two Wheelers,Registered Producer,,,,,,,,,,,
99,Q1,MMPO262700242,Close,June,,17/6/2026,SC2270000041,ATHER ENERGY LIMITED,Fresh Purchase,Second Life,NMC 21700,FOR EPR,Banglore,South,205,15.99,₹ 33.00,"6,765.00","7,982.70","8,142.35",,,,,,,Organized,Electric Vehicle (EV) Two Wheelers,Registered Producer,,,,,,,,,,,
,Q1,MMPO262700242,Close,June,,17/6/2026,SC2270000041,ATHER ENERGY LIMITED,Fresh Purchase,Second Life,LFP Cells,FOR EPR,Banglore,South,5,26.2,"₹ 1,107.00","5,535.00","6,531.30","6,661.93",,,,,,,Organized,Electric Vehicle (EV) Two Wheelers,Registered Producer,,,,,,,,,,,
,Q1,MMPO262700242,Close,June,,17/6/2026,SC2270000041,ATHER ENERGY LIMITED,Fresh Purchase,Second Life,LFP Packs,FOR EPR,Banglore,South,1,45.8,"₹ 3,038.00","3,038.00","3,584.84","3,656.54",,,,,,,Organized,Electric Vehicle (EV) Two Wheelers,Registered Producer,,,,,,,,,,,
100,Q1,MMPO262700239,Close,June,,18/6/2026,DB262700104,Sogo Synergy Pvt. Ltd.,Fresh Purchase,Recycling,LCO,NOT FOR EPR,Banglore,South,105.5,105.5,₹ 400.00,"42,200.00","49,796.00","50,791.92",,,,,,,Organized,Portable Battery used in Consumer Electronics which are rechargable,Recycler,,,,,,,,,,,
,Q1,MMPO262700239,Close,June,,18/6/2026,DB262700104,Sogo Synergy Pvt. Ltd.,Fresh Purchase,Second Life,LFP Packs,NOT FOR EPR,Banglore,South,535.8,535.8,₹ 105.00,"56,259.00","66,385.62","67,713.33",,,,,,,Organized,Electric Vehicle (EV) Two Wheelers,Recycler,,,,,,,,,,,
,Q1,MMPO262700239,Close,June,,18/6/2026,DB262700104,Sogo Synergy Pvt. Ltd.,Fresh Purchase,Recycling,Laptop Batteries,NOT FOR EPR,Banglore,South,385.7,385.7,₹ 400.00,"154,280.00","182,050.40","185,691.41",,,,,,,Organized,Portable Battery used in Consumer Electronics which are rechargable,Recycler,,,,,,,,,,,
101,Q1,MMPO262700238,Close,June,,18/6/2026,3/2026-27,GRAND ENTERPRISES,Fresh Purchase,Recycling,LCO,NOT FOR EPR,New Delhi,North,"9,230.00","9,150.00",₹ 765.00,"7,060,950.00","8,331,921.00","8,498,559.42",,,,,,,Organized,Portable Battery used in Consumer Electronics which are rechargable,"Other (Collection Centers, Dealers, etc.)",,,,,,,,,,,
,Q1,MMPO262700238,Close,June,,18/6/2026,3/2026-27,GRAND ENTERPRISES,Fresh Purchase,Recycling,LiPo,NOT FOR EPR,New Delhi,North,"8,630.00","8,630.00",₹ 970.00,"8,371,100.00","9,877,898.00","10,075,455.96",,,,,,,Organized,Portable Battery except those used in Consumer Electronics which are rechargable,"Other (Collection Centers, Dealers, etc.)",,,,,,,,,,,
102,Q1,MMPO262700210,Close,June,,22/6/2026,1400800171,Exide Energy Solutions Limited,Fresh Purchase,Recycling,NG Coated Cu-foil-Double side 5Ah,NOT FOR EPR,Bengaluru,South,"4,760.00","4,760.00",₹ 238.16,"1,133,641.60","1,337,697.09","1,364,451.03",,,,,,,Organized,Industrial Battery,Registered Producer,,,,,,,,,,,
,Q1,MMPO262700210,Close,June,,22/6/2026,1400800171,Exide Energy Solutions Limited,Fresh Purchase,Recycling,NG coated cu foil single side 5ah,NOT FOR EPR,Bengaluru,South,570,570,₹ 393.20,"224,124.00","264,466.32","269,755.65",,,,,,,Organized,Industrial Battery,Registered Producer,,,,,,,,,,,
103,Q1,MMPO262700246,Close,June,,20/6/2026,RE/2026-27/001,RE Technologies,Fresh Purchase,Recycling,LCO,NOT FOR EPR,Telangana,South,63,63,₹ 750.00,"47,250.00","55,755.00",,,,,,,,Organized,Portable Battery used in Consumer Electronics which are rechargable,"Other (Collection Centers, Dealers, etc.)",,,,,,,,,,,
,Q1,MMPO262700246,Close,June,,20/6/2026,RE/2026-27/001,RE Technologies,Fresh Purchase,Recycling,LCO,NOT FOR EPR,Telangana,South,380,380,₹ 600.00,"228,000.00","269,040.00",,,,,,,,Organized,Portable Battery used in Consumer Electronics which are rechargable,"Other (Collection Centers, Dealers, etc.)",,,,,,,,,,,
,Q1,MMPO262700246,Close,June,,20/6/2026,RE/2026-27/001,RE Technologies,Fresh Purchase,Recycling,LiPo,NOT FOR EPR,Telangana,South,134,134,₹ 930.00,"124,620.00","147,051.60",,,,,,,,Organized,Portable Battery used in Consumer Electronics which are rechargable,"Other (Collection Centers, Dealers, etc.)",,,,,,,,,,,
104,Q1,MMPO262700248,Close,June,,22/6/2026,SC227010018,ATHER ENERGY LIMITED,Fresh Purchase,Second Life,LFP Cells,FOR EPR,Bengaluru,South,772,216.16,₹ 20.00,"15,440.00","18,219.20","18,583.58",,,,,,,Organized,Electric Vehicle (EV) Two Wheelers,Registered Producer,,,,,,,,,,,
,Q1,MMPO262700248,Close,June,,22/6/2026,SC227010018,ATHER ENERGY LIMITED,Fresh Purchase,Second Life,NMC 21700,FOR EPR,Bengaluru,South,"1,662.00",113,₹ 33.00,"54,846.00","64,718.28","66,012.65",,,,,,,Organized,Electric Vehicle (EV) Two Wheelers,Registered Producer,,,,,,,,,,,
105,Q1,MMPO262700249,Close,June,,23/6/2026,68,ULTRA HI-POWER PRODUCT INDUSTRIES,Fresh Purchase,Second Life,NMC,FOR EPR,Bengaluru,South,659.8,659.8,₹ 300.00,"197,940.00","233,569.20","238,240.58",,,,,,,Organized,Electric Vehicle (EV) Two Wheelers,"Other (Collection Centers, Dealers, etc.)",,,,,,,,,,,
106,Q1,MMPO262700251,Close,June,,23/6/2026,PI-10,RE CAP SYSTEM ENERGIES,Fresh Purchase,Recycling,Laptop Batteries,FOR EPR,UP,North,"2,000.00","2,000.00","₹ 1,040.00","2,080,000.00","2,454,400.00","2,503,488.00",,,,,,,Organized,Portable Battery used in Consumer Electronics which are rechargable,"Other (Collection Centers, Dealers, etc.)",,,,,,,,,,,
,Q1,MMPO262700251,Close,June,,23/6/2026,PI-10,RE CAP SYSTEM ENERGIES,Fresh Purchase,Recycling,NMC,FOR EPR,UP,North,"2,000.00","2,000.00",₹ 302.00,"604,000.00","712,720.00","726,974.40",,,,,,,Organized,Electric Vehicle (EV) Two Wheelers,"Other (Collection Centers, Dealers, etc.)",,,,,,,,,,,
107,Q1,MMPO262700252,Close,June,,20/6/2026,MSTI/26-27/0352,Maruti Suzuki Toyotsu India Private Limited,Fresh Purchase,Recycling,LFP,FOR EPR,UP,North,840,840,₹ 105.91,"88,964.40","104,977.99","107,077.55",,,,,,,Organized,Electric Vehicle (EV) Battery Comprising of four wheelers,Registered Producer,,,,,,,,,,,
108,Q1,MMPO262700210,Close,June,,23/6/2026,1400800176,Exide Energy Solutions Limited,Fresh Purchase,Recycling,NG Coated cu-foil double side 102Ah,NOT FOR EPR,Bengaluru,South,"1,140.00","1,140.00",₹ 213.60,"243,504.00","287,334.72","293,081.41",,,,,,,Organized,Industrial Battery,Registered Producer,,,,,,,,,,,
,,MMPO262700230,Close,June,,23/6/2026,MSTI/26-27/0318,Maruti Suzuki Toyotsu India Private Limited,Fresh Purchase,Recycling,LFP,FOR EPR,New Delhi,North,"1,850.00","1,850.00",₹ 92.97,"171,994.50","202,953.51",,,,,,,,Organized,Electric Vehicle (EV) Battery Comprising of four wheelers,Registered Producer,,,,,,,,,,,
,Q1,MMPO262700210,Close,June,,23/6/2026,1400800176,Exide Energy Solutions Limited,Fresh Purchase,Recycling,NG coated cu foil single side 102Ah,NOT FOR EPR,Bengaluru,South,310,310,₹ 355.30,"110,143.00","129,968.74","132,568.11",,,,,,,Organized,Industrial Battery,Registered Producer,,,,,,,,,,,
,Q1,MMPO262700210,Close,June,,23/6/2026,1400800176,Exide Energy Solutions Limited,Fresh Purchase,Recycling,Jelly Stack - LFP-102Ah,NOT FOR EPR,Bengaluru,South,"3,450.00","3,450.00",₹ 175.80,"606,510.00","715,681.80","729,995.44",,,,,,,Organized,Industrial Battery,Registered Producer,,,,,,,,,,,
109,Q1,MMPO262700256,Close,June,,25/6/2026,INV-TB-000012,Terrabat Green Private Limited,Fresh Purchase,Recycling,NMC,FOR EPR,Bengaluru,South,"1,040.00","1,040.00",₹ 270.00,"280,800.00","331,344.00",,,,,,,,Organized,Portable Battery except those used in Consumer Electronics which are rechargable,"Other (Collection Centers, Dealers, etc.)",,,,,,,,,,,
,Q1,MMPO262700256,Close,June,,25/6/2026,INV-TB-000012,Terrabat Green Private Limited,Fresh Purchase,Recycling,LFP,FOR EPR,Bengaluru,South,5,5,₹ 40.00,200,236,,,,,,,,Organized,Portable Battery used in Consumer Electronics which are rechargable,"Other (Collection Centers, Dealers, etc.)",,,,,,,,,,,
110,Q1,MMPO262700259,Close,June,,23/6/2026,GCT/TX/26-27/026,Grenergcore tech (OPC) Private Limited,Fresh Purchase,Second Life,NMC 18650,NOT FOR EPR,Maharastra,South,530,530,₹ 160.00,"84,800.00","100,064.00",,,,,,,,Organized,Electric Vehicle (EV) Two Wheelers,"Other (Collection Centers, Dealers, etc.)",,,,,,,,,,,
,Q1,MMPO262700259,Close,June,,23/6/2026,GCT/TX/26-27/026,Grenergcore tech (OPC) Private Limited,Fresh Purchase,Recycling,LFP Cells,NOT FOR EPR,Maharastra,South,60,60,₹ 30.00,"1,800.00","2,124.00",,,,,,,,Organized,Electric Vehicle (EV) Two Wheelers,"Other (Collection Centers, Dealers, etc.)",,,,,,,,,,,
111,Q1,MMPO262700257,Close,June,,24/6/2026,RTCXFC2627171,RTCXFC INDUSTRIES PVT. LTD.,Fresh Purchase,Second Life,NMC 21700,NOT FOR EPR,Maharastra,South,122,122,₹ 220.00,"26,840.00","31,671.20",,,,,,,,Organized,Electric Vehicle (EV) Two Wheelers,"Other (Collection Centers, Dealers, etc.)",,,,,,,,,,,
,Q1,MMPO262700257,Close,June,,24/6/2026,RTCXFC2627171,RTCXFC INDUSTRIES PVT. LTD.,Fresh Purchase,Second Life,LFP Cells,NOT FOR EPR,Maharastra,South,136,136,₹ 60.00,"8,160.00","9,628.80",,,,,,,,Organized,Electric Vehicle (EV) Two Wheelers,"Other (Collection Centers, Dealers, etc.)",,,,,,,,,,,
,Q1,MMPO262700257,Close,June,,24/6/2026,RTCXFC2627171,RTCXFC INDUSTRIES PVT. LTD.,Fresh Purchase,Second Life,LFP 32700,NOT FOR EPR,Maharastra,South,"4,521.00",657.8,₹ 45.00,"203,445.00","240,065.10",,,,,,,,Organized,Electric Vehicle (EV) Two Wheelers,"Other (Collection Centers, Dealers, etc.)",,,,,,,,,,,
112,Q1,MMPO262700210,Close,June,,25/6/2026,1400800180,Exide Energy Solutions Limited,Fresh Purchase,Recycling,Jelly Roll-NCM_5Ah,FOR EPR,Banglore,South,380,380,₹ 693.00,"263,340.00","310,741.20",316956.024,,,,,,,Organized,Industrial Battery,Registered Producer,,,,,,,,,,,
,Q1,MMPO262700210,Close,June,,25/6/2026,1400800180,Exide Energy Solutions Limited,Fresh Purchase,Recycling,NMC NG cell with electrolyte 5ah,FOR EPR,Banglore,South,970,970,₹ 520.62,"505,001.40","595,901.65",607819.685,,,,,,,Organized,Industrial Battery,Registered Producer,,,,,,,,,,,
,Q1,MMPO262700210,Close,June,,25/6/2026,1400800180,Exide Energy Solutions Limited,Fresh Purchase,Recycling,Jelly Stack - LFP-102Ah,FOR EPR,Banglore,South,"2,080.00","2,080.00",₹ 175.82,"365,705.60","431,532.61",440163.2602,,,,,,,Organized,Industrial Battery,Registered Producer,,,,,,,,,,,
,Q1,MMPO262700210,Close,June,,25/6/2026,1400800179,Exide Energy Solutions Limited,Fresh Purchase,Recycling,LFP NG cell with electrolyte 106 Ah,FOR EPR,Banglore,South,310,310,₹ 111.52,"34,571.20","40,794.02",41609.89632,,,,,,,Organized,Industrial Battery,Registered Producer,,,,,,,,,,,
,Q1,MMPO262700210,Close,June,,25/6/2026,1400800181,Exide Energy Solutions Limited,Fresh Purchase,Recycling,Anode Electrode LFP 102Ah,FOR EPR,Banglore,South,860,860,₹ 238.16,"204,817.60","241,684.77",246518.4634,,,,,,,Organized,Industrial Battery,Registered Producer,,,,,,,,,,,
113,Q1,MMPO262700268,Close,June,,27/6/2026,PRPL/051/26-27,Prakruthi Recycling Pvt Ltd,Fresh Purchase,Recycling,Laptop Batteries,NOT FOR EPR,karnataka,South,270,270,₹ 180.00,"48,600.00","57,348.00",,,,,,,,Organized,Portable Battery used in Consumer Electronics which are rechargable,Recycler,,,,,,,,,,,
114,Q1,,Close,June,,29/6/2026,MST/PI/26-27/002,Maruti Suzuki Toyotsu India Private Limited,Fresh Purchase,Recycling,LFP Packs,FOR EPR,UP,North,"2,842.00","2,842.00",₹ 105.91,"300,996.22","355,175.54",362279.0504,,,,,,,Organized,Electric Vehicle (EV) Battery Comprising of four wheelers,Registered Producer,,,,,,,,,,,
115,Q1,MMPO262700265,Open,June,,29/6/2026,PI42406,LIMACPOWER TECH,Fresh Purchase,Recycling,NMC,NOT FOR EPR,Kerala,South,196,196,₹ 230.00,"45,080.00","53,194.40",,,,,,,,Organized,Electric Vehicle (EV) Two Wheelers,Registered Producer,,,,,,,,,,,
,Q1,MMPO262700265,Open,June,,29/6/2026,PI42406,LIMACPOWER TECH,Fresh Purchase,Recycling,LFP Cells,NOT FOR EPR,Kerala,South,638,638,₹ 40.00,"25,520.00","30,113.60",,,,,,,,Organized,Electric Vehicle (EV) Two Wheelers,Registered Producer,,,,,,,,,,,
116,Q1,MMPO262700267,Close,June,,27/6/2026,INV-2505- 2/26-27,Shrinivas Hanmant More,Fresh Purchase,Second Life,NMC Modules,NOT FOR EPR,Maharastra,South,126,126,₹ 200.00,"25,200.00","29,736.00",,,,,,,,Organized,Electric Vehicle (EV) Two Wheelers,"Other (Collection Centers, Dealers, etc.)",,,,,,,,,,,
117,Q1,MMPO262700270,Open,June,,26/6/2026,76144149,Exicom Energy Systems Private Limited,Fresh Purchase,Second Life,LFP Prismatic cells,FOR EPR,Harayana,North,393,786,"₹ 1,650.00","648,450.00","765,171.00",,,,,,,,Organized,Electric Vehicle (EV) Two Wheelers,Registered Producer,,,,,,,,,,,
,Q1,MMPO262700270,Open,June,,26/6/2026,76144149,Exicom Energy Systems Private Limited,Fresh Purchase,Second Life,NMC 26650,FOR EPR,Harayana,North,"4,842.00",412,₹ 28.00,"135,576.00","159,979.68",,,,,,,,Organized,Electric Vehicle (EV) Two Wheelers,Registered Producer,,,,,,,,,,,
,Q1,MMPO262700270,Open,June,,26/6/2026,76144150,Exicom Energy Systems Private Limited,Fresh Purchase,Second Life,NMC 18650,FOR EPR,Harayana,North,"8,298.00",400,₹ 68.00,"564,264.00","665,831.52",,,,,,,,Organized,Electric Vehicle (EV) Two Wheelers,Registered Producer,,,,,,,,,,,
,Q1,MMPO262700270,Open,June,,26/6/2026,76144149,Exicom Energy Systems Private Limited,Fresh Purchase,Second Life,LFP 32700,FOR EPR,Harayana,North,"4,168.00",605,₹ 48.00,"200,064.00","236,075.52",,,,,,,,Organized,Electric Vehicle (EV) Two Wheelers,Registered Producer,,,,,,,,,,,
118,Q1,MMPO262700271,Open,June,,26/6/2026,76144160,Exicom Tele-Systems Limited,Fresh Purchase,Second Life,LFP Prismatic cells,FOR EPR,Telangana,South,342,684,"₹ 1,650.00","564,300.00","665,874.00",,,,,,,,Organized,Electric Vehicle (EV) Two Wheelers,Registered Producer,,,,,,,,,,,
,Q1,MMPO262700271,Open,June,,26/6/2026,76144160,Exicom Tele-Systems Limited,Fresh Purchase,Second Life,LFP 33140,FOR EPR,Telangana,South,"3,434.00","1,030.00",₹ 250.00,"858,500.00","1,013,030.00",,,,,,,,Organized,Electric Vehicle (EV) Two Wheelers,Registered Producer,,,,,,,,,,,
119,Q1,MMPO262700272,Close,June,,26/6/2026,93000732,Greaves Electric Mobility Limited,Fresh Purchase,Second Life,NMC,FOR EPR,Tamil Nadu,South,70.8,70.8,₹ 140.00,"9,912.00","11,696.16",,,,,,,,Organized,Electric Vehicle (EV) Two Wheelers,Registered Producer,,,,,,,,,,,
,,,,,,,,,,,,,,,466615.21,"291,433.00",,,,,,,,,,,,,,,,,,,,,,,,